{"1A73B453-386C-47f5-9FF9-DA094A016414":{"alphamode":0,"base_map":"png/2.png","color":{"a":1.0,"b":0.6865993738174438,"g":0.6927269697189331,"r":0.708800196647644},"metallic":1.0,"name":"花岗岩，挖方，抛光","nor_map":null,"roughness":0.20000000298023224},"3D2150C1-37C1-40ba-A7E0-F9F154779DDE":{"alphamode":0,"base_map":null,"color":{"a":0.0,"b":0.47058823704719543,"g":0.47058823704719543,"r":0.47058823704719543},"metallic":1.0,"name":"不锈钢","nor_map":null,"roughness":1.0},"4D5DACBB-7D12-4096-9044-4BC86C96A563":{"alphamode":0,"base_map":"png/1.png","color":{"a":1.0,"b":0.8925338983535767,"g":0.8958778381347656,"r":0.8969359993934631},"metallic":1.0,"name":"天花板 - 扣板 600 x 1200mm","nor_map":null,"roughness":1.0},"793048D3-45D8-476f-B52C-E1476412370A":{"alphamode":0,"base_map":"png/3.png","color":{"a":0.0,"b":0.8588235378265381,"g":0.8627451062202454,"r":0.9490196108818054},"metallic":1.0,"name":"内墙_耐火砖","nor_map":null,"roughness":1.0},"7A44D7EB-46D4-4e48-B977-028A1C63ED35":{"alphamode":0,"base_map":null,"color":{"a":0.0,"b":0.09019608050584793,"g":0.10588235408067703,"r":0.8352941274642944},"metallic":1.0,"name":"内外涂环氧复合钢管","nor_map":null,"roughness":1.0},"7FC7E476-9AAC-455b-99E3-6B69473118FF":{"alphamode":0,"base_map":null,"color":{"a":0.0,"b":0.9372549057006836,"g":0.9372549057006836,"r":0.9254902005195618},"metallic":1.0,"name":"金属 - 不锈钢，抛光","nor_map":null,"roughness":1.0},"A41449CC-0006-410a-A2A0-B2396855137A":{"alphamode":2,"base_map":null,"color":{"a":0.15000000596046448,"b":0.9372549057006836,"g":0.9411764740943909,"r":0.9254902005195618},"metallic":1.0,"name":"玻璃","nor_map":null,"roughness":1.0},"B2230595-75FF-4338-A5C6-7863B1148B78":{"alphamode":0,"base_map":null,"color":{"a":0.0,"b":0.0,"g":0.0,"r":0.4901960790157318},"metallic":1.0,"name":"金属-暗红","nor_map":null,"roughness":1.0},"B600E4B5-B7D1-41a8-B082-DA6B71615332":{"alphamode":0,"base_map":null,"color":{"a":0.0,"b":0.9686274528503418,"g":0.9686274528503418,"r":0.9686274528503418},"metallic":1.0,"name":"金属 - 钢","nor_map":null,"roughness":1.0},"DC9C4042-CE24-49a8-8D48-C5632F666039":{"alphamode":0,"base_map":"png/0.png","color":{"a":1.0,"b":0.501960813999176,"g":0.501960813999176,"r":0.501960813999176},"metallic":1.0,"name":"地砖 - 600 x 600","nor_map":null,"roughness":0.15000000596046448},"E38FD072-62F7-4bbe-A62C-67EC4A3D1129":{"alphamode":0,"base_map":null,"color":{"a":0.0,"b":0.49803921580314636,"g":0.49803921580314636,"r":0.49803921580314636},"metallic":1.0,"name":"MaterialNode_8355711_0","nor_map":null,"roughness":1.0}}