{"0FCFD69C-1B71-47ba-ACC3-4CB72D492352":{"alphamode":0,"base_map":null,"color":{"a":0.0,"b":0.9725490212440491,"g":0.9843137264251709,"r":0.9882352948188782},"metallic":1.0,"name":"瓷，象牙白","nor_map":null,"roughness":1.0},"2A1871AE-4784-4f72-9913-93BCFC0E08C3":{"alphamode":0,"base_map":"png/1.png","color":{"a":1.0,"b":0.6352941393852234,"g":0.6352941393852234,"r":0.6352941393852234},"metallic":1.0,"name":"防静电砖","nor_map":null,"roughness":1.0},"2A700EC0-4946-4523-A236-4E16DACDAB29":{"alphamode":0,"base_map":"png/8.png","color":{"a":1.0,"b":0.9854856133460999,"g":0.9856501817703247,"r":0.9856458902359009},"metallic":1.0,"name":"文字-白","nor_map":null,"roughness":0.22540000081062317},"38B13363-C121-41ff-AEC3-AE292F1155CF":{"alphamode":0,"base_map":null,"color":{"a":0.0,"b":1.0,"g":1.0,"r":1.0},"metallic":1.0,"name":"渲染材质 255-255-255","nor_map":null,"roughness":1.0},"38F1D544-29E5-4c13-B2C4-DB2F744018AE":{"alphamode":0,"base_map":null,"color":{"a":0.0,"b":0.7490196228027344,"g":0.7882353067398071,"r":0.8392156958580017},"metallic":1.0,"name":"瓷，亚麻色","nor_map":null,"roughness":1.0},"3D2150C1-37C1-40ba-A7E0-F9F154779DDE":{"alphamode":0,"base_map":null,"color":{"a":0.0,"b":0.47058823704719543,"g":0.47058823704719543,"r":0.47058823704719543},"metallic":1.0,"name":"不锈钢","nor_map":null,"roughness":1.0},"41AC81F6-14BB-4b15-BE77-90E4F1467FBB":{"alphamode":0,"base_map":"png/5.png","color":{"a":0.0,"b":0.15294118225574493,"g":0.26274511218070984,"r":0.501960813999176},"metallic":1.0,"name":"柚木","nor_map":null,"roughness":1.0},"5038C3EB-7650-45ca-9AB8-0AA2B1FE5E32":{"alphamode":0,"base_map":"png/4.png","color":{"a":1.0,"b":0.28736060857772827,"g":0.2872846722602844,"r":0.2872890830039978},"metallic":1.0,"name":"水磨石","nor_map":null,"roughness":1.0},"64884BAB-E98A-4f62-ABFF-DA00126F706D":{"alphamode":0,"base_map":"png/6.png","color":{"a":1.0,"b":0.8925338983535767,"g":0.8958778381347656,"r":0.8969359993934631},"metallic":1.0,"name":"天花板 - 扣板 600 x 1200mm","nor_map":null,"roughness":1.0},"6993BFB9-D77A-4161-81DB-4ECBEF07D871":{"alphamode":0,"base_map":null,"color":{"a":0.0,"b":0.9372549057006836,"g":0.9686274528503418,"r":0.9686274528503418},"metallic":1.0,"name":"瓷 - 象牙白","nor_map":null,"roughness":1.0},"7A44D7EB-46D4-4e48-B977-028A1C63ED35":{"alphamode":0,"base_map":null,"color":{"a":0.0,"b":0.09019608050584793,"g":0.10588235408067703,"r":0.8352941274642944},"metallic":1.0,"name":"内外涂环氧复合钢管","nor_map":null,"roughness":1.0},"7FC7E476-9AAC-455b-99E3-6B69473118FF":{"alphamode":0,"base_map":null,"color":{"a":0.0,"b":0.9372549057006836,"g":0.9372549057006836,"r":0.9254902005195618},"metallic":1.0,"name":"金属 - 不锈钢，抛光","nor_map":null,"roughness":1.0},"8A39D186-7655-4860-A644-6BA9D85F7A7B":{"alphamode":2,"base_map":null,"color":{"a":1.0,"b":0.8999999761581421,"g":0.8999999761581421,"r":0.8999999761581421},"metallic":1.0,"name":"空气","nor_map":null,"roughness":0.5199999809265137},"92E6BCFA-F747-48e7-A869-6AC201B809F2":{"alphamode":0,"base_map":"png/3.png","color":{"a":1.0,"b":0.501960813999176,"g":0.501960813999176,"r":0.501960813999176},"metallic":1.0,"name":"地砖 - 600 x 600","nor_map":null,"roughness":0.15000000596046448},"B0312D62-B6D7-49c7-BBAF-5C4F8015A6EF":{"alphamode":0,"base_map":"png/7.png","color":{"a":1.0,"b":0.6865993738174438,"g":0.6927269697189331,"r":0.708800196647644},"metallic":1.0,"name":"公共区踢脚","nor_map":null,"roughness":0.45227745175361633},"B2230595-75FF-4338-A5C6-7863B1148B78":{"alphamode":0,"base_map":null,"color":{"a":0.0,"b":0.0,"g":0.0,"r":0.4901960790157318},"metallic":1.0,"name":"金属-暗红","nor_map":null,"roughness":1.0},"B624CE30-76AA-47d5-8CAB-FF80B05243ED":{"alphamode":0,"base_map":null,"color":{"a":0.0,"b":0.6980392336845398,"g":0.7490196228027344,"r":0.6980392336845398},"metallic":1.0,"name":"镜子","nor_map":null,"roughness":1.0},"B8ED404B-885C-40e2-97D8-324A34EF45E9":{"alphamode":0,"base_map":null,"color":{"a":0.0,"b":0.9882352948188782,"g":0.9882352948188782,"r":0.9882352948188782},"metallic":1.0,"name":"白油漆","nor_map":null,"roughness":1.0},"BCF6D86C-CC3E-4280-B248-8DCE4C78252D":{"alphamode":0,"base_map":"png/2.png","color":{"a":1.0,"b":0.501960813999176,"g":0.48627451062202454,"r":0.45098039507865906},"metallic":1.0,"name":"玻化砖","nor_map":null,"roughness":1.0},"BFE054A4-1D35-4a97-8C8A-AD6E4B150C3F":{"alphamode":0,"base_map":null,"color":{"a":0.0,"b":0.06666667014360428,"g":0.06666667014360428,"r":0.06666667014360428},"metallic":1.0,"name":"踢脚线","nor_map":null,"roughness":1.0},"CE57E073-D6A8-4479-BA36-B69CD14F6ECC":{"alphamode":0,"base_map":null,"color":{"a":0.0,"b":0.7254902124404907,"g":0.7333333492279053,"r":0.7411764860153198},"metallic":1.0,"name":"梯级-黑色铝","nor_map":null,"roughness":1.0},"D4312596-1EE1-4b6d-805A-3C682B1BC90D":{"alphamode":2,"base_map":null,"color":{"a":0.25,"b":1.0,"g":0.0,"r":0.0},"metallic":1.0,"name":"玻璃","nor_map":null,"roughness":1.0},"D976CC10-D3B7-4cf3-971A-93DAE3B0F2FC":{"alphamode":0,"base_map":null,"color":{"a":0.0,"b":0.5803921818733215,"g":0.6705882549285889,"r":0.8627451062202454},"metallic":1.0,"name":"地砖 - 500x500，浅褐色","nor_map":null,"roughness":1.0},"E0FD3A09-59A4-4c8e-A150-98D42F122356":{"alphamode":0,"base_map":null,"color":{"a":1.0,"b":0.6941176652908325,"g":0.7764706015586853,"r":0.7960784435272217},"metallic":1.0,"name":"防滑地砖","nor_map":null,"roughness":1.0},"E38FD072-62F7-4bbe-A62C-67EC4A3D1129":{"alphamode":0,"base_map":null,"color":{"a":0.0,"b":0.49803921580314636,"g":0.49803921580314636,"r":0.49803921580314636},"metallic":1.0,"name":"MaterialNode_8355711_0","nor_map":null,"roughness":1.0},"F227866F-0A67-43f8-95C7-12BF0DDCFB1B":{"alphamode":0,"base_map":null,"color":{"a":0.0,"b":0.03529411926865578,"g":0.03529411926865578,"r":0.03529411926865578},"metallic":1.0,"name":"花岗石","nor_map":null,"roughness":1.0},"F262C362-D650-4f03-B89F-9A0DF81AE64E":{"alphamode":0,"base_map":"png/0.png","color":{"a":1.0,"b":0.8925338983535767,"g":0.8958778381347656,"r":0.8969359993934631},"metallic":1.0,"name":"预制水磨石","nor_map":null,"roughness":1.0},"F27D519C-6356-497c-8F2B-FD28A008AFD1":{"alphamode":0,"base_map":null,"color":{"a":1.0,"b":0.6901960968971252,"g":0.9843137264251709,"r":1.0},"metallic":1.0,"name":"卫生间墙面瓷砖","nor_map":null,"roughness":0.5},"F2AE6927-132A-45ee-BC0D-C1686E7E4033":{"alphamode":0,"base_map":null,"color":{"a":1.0,"b":1.0,"g":1.0,"r":1.0},"metallic":1.0,"name":"01-白色铝板","nor_map":null,"roughness":0.41999998688697815}}