{"00B6EB49-66E5-4d97-85D5-C3983B14319F":{"alphamode":0,"base_map":"png/5.png","color":{"a":1.0,"b":0.9854856133460999,"g":0.9856501817703247,"r":0.9856458902359009},"metallic":1.0,"name":"空气开关、漏电保护器","nor_map":null,"roughness":0.0},"0622F157-6929-49b3-9878-562214DAFFF8":{"alphamode":0,"base_map":null,"color":{"a":0.0,"b":0.929411768913269,"g":0.8196078538894653,"r":0.729411780834198},"metallic":1.0,"name":"冷水机组材质","nor_map":null,"roughness":1.0},"0EACB65C-5E52-49ab-A615-5457B453BB58":{"alphamode":0,"base_map":null,"color":{"a":1.0,"b":0.501960813999176,"g":0.501960813999176,"r":0.501960813999176},"metallic":1.0,"name":"灰色盲道","nor_map":null,"roughness":0.20000000298023224},"0F035787-2C95-4138-B490-4B35D0FA5B5D":{"alphamode":0,"base_map":"png/16.png","color":{"a":1.0,"b":1.0,"g":1.0,"r":1.0},"metallic":1.0,"name":"TSP-QR-B1-02","nor_map":null,"roughness":0.5},"15B3F83F-6F8A-41d3-BCBA-3D4322892B07":{"alphamode":0,"base_map":null,"color":{"a":1.0,"b":0.0,"g":0.05098039284348488,"r":0.0},"metallic":1.0,"name":"安全指示背景","nor_map":null,"roughness":0.5},"15CAC864-2D90-4c71-BDF8-AC441CB65942":{"alphamode":0,"base_map":null,"color":{"a":1.0,"b":0.7058823704719543,"g":0.7058823704719543,"r":0.7058823704719543},"metallic":1.0,"name":"CAD","nor_map":null,"roughness":1.0},"1B63B7A3-BDAD-4f94-A2AC-34551BD7D527":{"alphamode":0,"base_map":"png/9.png","color":{"a":1.0,"b":1.0,"g":1.0,"r":1.0},"metallic":1.0,"name":"TSP-XG-B1-12（yi）","nor_map":null,"roughness":1.0},"237014BA-FFE6-4df9-9E41-440122C34286":{"alphamode":0,"base_map":null,"color":{"a":0.0,"b":0.9686274528503418,"g":0.9686274528503418,"r":0.9686274528503418},"metallic":1.0,"name":"金属 - 钢","nor_map":null,"roughness":1.0},"26ADD7F2-29B5-46aa-8628-5BC5352FC728":{"alphamode":0,"base_map":"png/21.png","color":{"a":1.0,"b":1.0,"g":1.0,"r":1.0},"metallic":1.0,"name":"TSP-XG-B1-34(乙面)","nor_map":null,"roughness":0.5},"281928B2-DFAA-47ef-8A48-7681EFCDEFC5":{"alphamode":0,"base_map":null,"color":{"a":0.0,"b":0.06666667014360428,"g":0.06666667014360428,"r":0.06666667014360428},"metallic":1.0,"name":"踢脚线","nor_map":null,"roughness":1.0},"28349151-62F8-4c03-AEC1-3B946B574A41":{"alphamode":0,"base_map":null,"color":{"a":1.0,"b":0.0,"g":0.501960813999176,"r":1.0},"metallic":1.0,"name":"01-橙色铝合金板","nor_map":null,"roughness":0.0},"29066EC2-3C59-49a1-B9AC-C27AEF6321FD":{"alphamode":0,"base_map":"png/25.png","color":{"a":1.0,"b":1.0,"g":1.0,"r":1.0},"metallic":1.0,"name":"TSP-QR-B1-30","nor_map":null,"roughness":0.5},"297EC4D1-9FFD-413b-9451-1FDAC3F95784":{"alphamode":0,"base_map":null,"color":{"a":1.0,"b":1.0,"g":1.0,"r":1.0},"metallic":1.0,"name":"灯管","nor_map":null,"roughness":1.0},"2F139A39-DE3A-4c54-A177-E8BF4D964665":{"alphamode":0,"base_map":null,"color":{"a":1.0,"b":1.0,"g":1.0,"r":1.0},"metallic":1.0,"name":"01-白色铝板","nor_map":null,"roughness":0.3499999940395355},"2F65DB04-29F3-42b7-9C54-6C633D67A255":{"alphamode":0,"base_map":"png/3.png","color":{"a":1.0,"b":0.9854856133460999,"g":0.9856501817703247,"r":0.9856458902359009},"metallic":1.0,"name":"PVC面板","nor_map":null,"roughness":0.0},"36A396F7-1786-4a17-BA20-48D315B941E7":{"alphamode":2,"base_map":null,"color":{"a":0.15000000596046448,"b":0.9372549057006836,"g":0.9411764740943909,"r":0.9254902005195618},"metallic":1.0,"name":"玻璃","nor_map":null,"roughness":1.0},"3D6E757E-2525-4706-97BF-EFAE1D11053C":{"alphamode":0,"base_map":"png/7.png","color":{"a":1.0,"b":1.0,"g":1.0,"r":1.0},"metallic":1.0,"name":"TSP-QR-B1-14","nor_map":null,"roughness":0.5},"3E4DD95E-4246-451d-80C1-8542610D8FAC":{"alphamode":0,"base_map":"png/19.png","color":{"a":1.0,"b":1.0,"g":1.0,"r":1.0},"metallic":1.0,"name":"TSP-XG-B1-23(甲面)","nor_map":null,"roughness":1.0},"3E8CF347-387B-49d8-A0A4-8D12389B4957":{"alphamode":0,"base_map":"png/22.png","color":{"a":1.0,"b":1.0,"g":1.0,"r":1.0},"metallic":1.0,"name":"TSP-XG-B1-34","nor_map":null,"roughness":0.5},"3EB731C1-4471-4800-AB8D-4B5B9FB4BA18":{"alphamode":0,"base_map":"png/30.png","color":{"a":1.0,"b":1.0,"g":1.0,"r":1.0},"metallic":1.0,"name":"TSP-XG-B1-21(乙面)","nor_map":null,"roughness":1.0},"3EF0E459-4F9C-46d7-81C0-B01D24C7521C":{"alphamode":0,"base_map":"png/40.png","color":{"a":1.0,"b":0.3149999976158142,"g":0.3149999976158142,"r":0.3149999976158142},"metallic":1.0,"name":"TSP-XG-B1-32(甲面)","nor_map":null,"roughness":0.5},"42039673-10D3-4cfc-ACC2-9D0F5E465A6F":{"alphamode":0,"base_map":"png/33.png","color":{"a":1.0,"b":1.0,"g":1.0,"r":1.0},"metallic":1.0,"name":"TSP-XG-B1-19","nor_map":null,"roughness":0.5},"46C00F21-B6CB-4d59-B617-AB9303DC06F8":{"alphamode":0,"base_map":"png/4.png","color":{"a":1.0,"b":0.9854856133460999,"g":0.9856501817703247,"r":0.9856458902359009},"metallic":1.0,"name":"灯管外壳","nor_map":null,"roughness":0.0},"46F27FC6-40F5-482a-9DCE-661608CEB2BA":{"alphamode":0,"base_map":null,"color":{"a":0.0,"b":1.0,"g":1.0,"r":0.501960813999176},"metallic":1.0,"name":"主体","nor_map":null,"roughness":1.0},"4BF5E6EC-69C9-48a0-9E26-8C275828D356":{"alphamode":0,"base_map":"png/11.png","color":{"a":1.0,"b":1.0,"g":1.0,"r":1.0},"metallic":1.0,"name":"TSP-QR-B1-10","nor_map":null,"roughness":0.5},"4C236F51-E623-4f38-A7FD-71542F6DFAAA":{"alphamode":0,"base_map":null,"color":{"a":0.0,"b":0.6980392336845398,"g":0.6980392336845398,"r":0.6980392336845398},"metallic":1.0,"name":"178_178_178","nor_map":null,"roughness":1.0},"526D1623-20BF-4b18-BF51-9F2D5B70784F":{"alphamode":0,"base_map":"png/24.png","color":{"a":1.0,"b":1.0,"g":1.0,"r":1.0},"metallic":1.0,"name":"TSP-XG-B1-24","nor_map":null,"roughness":0.5},"59AEA187-5C93-4bde-81FA-61D9483126F7":{"alphamode":0,"base_map":"png/18.png","color":{"a":1.0,"b":1.0,"g":1.0,"r":1.0},"metallic":1.0,"name":"TSP-XG-B1-03(甲面)","nor_map":null,"roughness":1.0},"5BDA1076-583D-4b37-95CE-69870BFEE954":{"alphamode":0,"base_map":null,"color":{"a":0.0,"b":0.09019608050584793,"g":0.10588235408067703,"r":0.8352941274642944},"metallic":1.0,"name":"内外涂环氧复合钢管","nor_map":null,"roughness":1.0},"5D836522-9D6E-45ae-B788-EC0BE02E18B0":{"alphamode":0,"base_map":null,"color":{"a":0.0,"b":0.7254902124404907,"g":0.7333333492279053,"r":0.7411764860153198},"metallic":1.0,"name":"SUS304","nor_map":null,"roughness":1.0},"5F904C1A-1808-4969-ABD9-0AEC7047D017":{"alphamode":0,"base_map":"png/12.png","color":{"a":1.0,"b":1.0,"g":1.0,"r":1.0},"metallic":1.0,"name":"TSP-QR-B1-09","nor_map":null,"roughness":0.5},"625164B7-2083-42d8-A365-C519C935B207":{"alphamode":0,"base_map":null,"color":{"a":1.0,"b":0.0,"g":0.0,"r":0.0},"metallic":1.0,"name":"黑色","nor_map":null,"roughness":0.5},"63D0018D-A6CA-4111-88AB-53627FCD8AC6":{"alphamode":0,"base_map":null,"color":{"a":0.0,"b":0.3137255012989044,"g":0.3137255012989044,"r":0.3137255012989044},"metallic":1.0,"name":"导向牌框","nor_map":null,"roughness":1.0},"65062FAA-A6DA-475c-B9DD-8A387270AA57":{"alphamode":0,"base_map":null,"color":{"a":0.0,"b":0.0,"g":0.0,"r":0.4901960790157318},"metallic":1.0,"name":"金属-暗红","nor_map":null,"roughness":1.0},"660758ED-32A6-46c5-8249-EAA3959DC683":{"alphamode":0,"base_map":null,"color":{"a":1.0,"b":0.4901960790157318,"g":1.0,"r":0.4901960790157318},"metallic":1.0,"name":"AA","nor_map":null,"roughness":1.0},"676A523A-461D-4001-9B6C-CF8B071EB579":{"alphamode":0,"base_map":"png/36.png","color":{"a":1.0,"b":1.0,"g":1.0,"r":1.0},"metallic":1.0,"name":"TSP-TM-B1-08","nor_map":null,"roughness":0.5},"67B86B89-9135-4337-BFF5-B351A0F19B98":{"alphamode":0,"base_map":null,"color":{"a":1.0,"b":0.0,"g":1.0,"r":1.0},"metallic":1.0,"name":"门套","nor_map":null,"roughness":0.0},"688A2E53-A7DD-4173-9210-35333B14CD45":{"alphamode":0,"base_map":"png/39.png","color":{"a":1.0,"b":1.0,"g":1.0,"r":1.0},"metallic":1.0,"name":"TSP-XG-B1-32(乙面)","nor_map":null,"roughness":1.0},"6956435A-AC83-4953-AD1B-0B9B98D08DBB":{"alphamode":0,"base_map":"png/23.png","color":{"a":1.0,"b":1.0,"g":1.0,"r":1.0},"metallic":1.0,"name":"TSP-XG-B1-24(乙)","nor_map":null,"roughness":0.5},"6DADE518-0873-4861-9C08-185899457739":{"alphamode":0,"base_map":null,"color":{"a":1.0,"b":0.7921568751335144,"g":0.3960784375667572,"r":0.0},