{"1007BDBB-A41B-4431-8719-C0DFE4B0E6F0":{"alphamode":2,"base_map":null,"color":{"a":0.15000000596046448,"b":0.09803921729326248,"g":0.8980392217636108,"r":0.8980392217636108},"metallic":1.0,"name":"龙头急停按钮-黄塑料","nor_map":null,"roughness":1.0},"151D6D91-DB47-4dd9-B181-09AB23C671ED":{"alphamode":0,"base_map":null,"color":{"a":1.0,"b":0.9529412388801575,"g":0.9529412388801575,"r":0.9529412388801575},"metallic":1.0,"name":"导向标识","nor_map":null,"roughness":0.22540335357189178},"1A42E1DF-26E8-44c8-AA49-6FD4A7E5B388":{"alphamode":0,"base_map":"png/0.png","color":{"a":1.0,"b":0.23529411852359772,"g":0.23529411852359772,"r":0.23529411852359772},"metallic":1.0,"name":"梯级-黑色铝","nor_map":null,"roughness":0.4699999988079071},"2CDFABC8-028F-4f85-960B-DCCA806CD0DA":{"alphamode":2,"base_map":null,"color":{"a":0.10000000149011612,"b":0.09803921729326248,"g":0.09803921729326248,"r":0.7490196228027344},"metallic":1.0,"name":"龙头急停按钮-红塑料","nor_map":null,"roughness":1.0},"7C503E17-4CE2-4ca6-B750-4A87F3022E36":{"alphamode":0,"base_map":null,"color":{"a":1.0,"b":0.7843137979507446,"g":0.7843137979507446,"r":0.7843137979507446},"metallic":1.0,"name":"护壁板-不锈钢304","nor_map":null,"roughness":0.2928932309150696},"BEE063F4-B758-4d77-A5F3-DEE49CC89563":{"alphamode":0,"base_map":null,"color":{"a":1.0,"b":0.3149999976158142,"g":0.3149999976158142,"r":0.3149999976158142},"metallic":1.0,"name":"白色塑料","nor_map":null,"roughness":0.5},"E7681474-63DD-4293-950E-4B52B572A72B":{"alphamode":0,"base_map":null,"color":{"a":1.0,"b":0.13333334028720856,"g":0.13333334028720856,"r":0.13333334028720856},"metallic":1.0,"name":"黑色铸铁","nor_map":null,"roughness":0.22540335357189178}}