{"05F69272-343C-4bb8-B6C3-90D92774EFE7":{"alphamode":0,"base_map":"png/1.png","color":{"a":1.0,"b":0.28736060857772827,"g":0.2872846722602844,"r":0.2872890830039978},"metallic":1.0,"name":"水磨石","nor_map":null,"roughness":1.0},"0D9522C7-D4E9-4ccf-A62F-CD1AAFDE7C93":{"alphamode":0,"base_map":null,"color":{"a":1.0,"b":0.49803921580314636,"g":0.49803921580314636,"r":0.49803921580314636},"metallic":1.0,"name":"127-127-127","nor_map":null,"roughness":0.5},"39A0D1D9-6A93-4bf3-956A-1B2F66B182B9":{"alphamode":2,"base_map":null,"color":{"a":0.25,"b":1.0,"g":0.0,"r":0.0},"metallic":1.0,"name":"玻璃\\半透明","nor_map":null,"roughness":1.0},"3BCD19BC-6A94-4b75-B57E-064632A53A39":{"alphamode":0,"base_map":"png/2.png","color":{"a":1.0,"b":0.501960813999176,"g":0.48627451062202454,"r":0.45098039507865906},"metallic":1.0,"name":"玻化砖","nor_map":null,"roughness":1.0},"43B80B87-73F1-47b8-8906-6F7B14E5B55D":{"alphamode":0,"base_map":"png/4.png","color":{"a":1.0,"b":0.9854856133460999,"g":0.9856501817703247,"r":0.9856458902359009},"metallic":1.0,"name":"文字-白","nor_map":null,"roughness":0.22540000081062317},"5BDA1076-583D-4b37-95CE-69870BFEE954":{"alphamode":0,"base_map":null,"color":{"a":0.0,"b":0.09019608050584793,"g":0.10588235408067703,"r":0.8352941274642944},"metallic":1.0,"name":"内外涂环氧复合钢管","nor_map":null,"roughness":1.0},"65062FAA-A6DA-475c-B9DD-8A387270AA57":{"alphamode":0,"base_map":null,"color":{"a":0.0,"b":0.0,"g":0.0,"r":0.4901960790157318},"metallic":1.0,"name":"金属-暗红","nor_map":null,"roughness":1.0},"88953B17-D389-47d2-9907-E4E0872326A4":{"alphamode":0,"base_map":null,"color":{"a":0.0,"b":1.0,"g":1.0,"r":1.0},"metallic":1.0,"name":"渲染材质 255-255-255","nor_map":null,"roughness":1.0},"9E3D1034-59DB-491a-A504-EB1AD559A333":{"alphamode":0,"base_map":null,"color":{"a":1.0,"b":1.0,"g":1.0,"r":1.0},"metallic":1.0,"name":"01-白色铝板","nor_map":null,"roughness":0.41999998688697815},"AD89C639-FD7D-4c97-BF01-C8DCF54834FD":{"alphamode":0,"base_map":"png/0.png","color":{"a":1.0,"b":0.6352941393852234,"g":0.6352941393852234,"r":0.6352941393852234},"metallic":1.0,"name":"防静电砖","nor_map":null,"roughness":1.0},"BB3EE3FD-A667-4e21-A670-054128B4663A":{"alphamode":2,"base_map":null,"color":{"a":1.0,"b":0.8999999761581421,"g":0.8999999761581421,"r":0.8999999761581421},"metallic":1.0,"name":"空气","nor_map":null,"roughness":0.5199999809265137},"C1C767D1-50DD-48c2-B082-6EECC279405C":{"alphamode":0,"base_map":null,"color":{"a":1.0,"b":0.0,"g":1.0,"r":1.0},"metallic":1.0,"name":"门套","nor_map":null,"roughness":0.5},"CC14A9F0-AFE5-4a65-9D72-A2CD24608B1E":{"alphamode":0,"base_map":null,"color":{"a":0.0,"b":0.03529411926865578,"g":0.03529411926865578,"r":0.03529411926865578},"metallic":1.0,"name":"花岗石","nor_map":null,"roughness":1.0},"EFE9CD14-9438-4d55-9355-E55E28D2577D":{"alphamode":0,"base_map":"png/3.png","color":{"a":1.0,"b":0.6865993738174438,"g":0.6927269697189331,"r":0.708800196647644},"metallic":1.0,"name":"公共区踢脚","nor_map":null,"roughness":0.45227745175361633}}