{"2F96804F-7819-4c8b-A85D-51FBEDB56FAC":{"alphamode":0,"base_map":null,"color":{"a":0.0,"b":0.95686274766922,"g":0.95686274766922,"r":0.95686274766922},"metallic":1.0,"name":"M_安检台材质","nor_map":null,"roughness":1.0},"31572E73-1BFE-4c4d-91D5-7B0914A150C6":{"alphamode":0,"base_map":null,"color":{"a":1.0,"b":0.1882352977991104,"g":0.1882352977991104,"r":0.1882352977991104},"metallic":1.0,"name":"摄像机镜头","nor_map":null,"roughness":0.5},"4E82F2CE-AAAC-4201-92E6-EF0FC84AD14B":{"alphamode":0,"base_map":null,"color":{"a":1.0,"b":0.49000000953674316,"g":0.5899999737739563,"r":0.4699999988079071},"metallic":1.0,"name":"橡胶","nor_map":null,"roughness":1.0},"625164B7-2083-42d8-A365-C519C935B207":{"alphamode":0,"base_map":null,"color":{"a":1.0,"b":0.0,"g":0.0,"r":0.0},"metallic":1.0,"name":"黑色","nor_map":null,"roughness":0.5},"79420380-6A09-437c-BC96-90440B3D15E9":{"alphamode":0,"base_map":"png/1.png","color":{"a":0.0,"b":0.49803921580314636,"g":0.49803921580314636,"r":0.49803921580314636},"metallic":1.0,"name":"黑色","nor_map":null,"roughness":1.0},"80BC2EFE-66A1-4244-9B86-862F2758BE6F":{"alphamode":2,"base_map":null,"color":{"a":0.15000000596046448,"b":0.9725490212440491,"g":0.9764705896377563,"r":0.9686274528503418},"metallic":1.0,"name":"半球摄像机玻璃罩子","nor_map":null,"roughness":1.0},"BEE063F4-B758-4d77-A5F3-DEE49CC89563":{"alphamode":0,"base_map":null,"color":{"a":1.0,"b":0.3149999976158142,"g":0.3149999976158142,"r":0.3149999976158142},"metallic":1.0,"name":"白色塑料","nor_map":null,"roughness":0.5},"C906B515-6853-42db-AEFA-C90DF402C9CB":{"alphamode":0,"base_map":null,"color":{"a":1.0,"b":0.5411764979362488,"g":0.572549045085907,"r":0.5647059082984924},"metallic":1.0,"name":"手部","nor_map":null,"roughness":0.5},"D51CC62E-1EF2-45f5-883F-2B6A88C75585":{"alphamode":0,"base_map":"png/0.png","color":{"a":1.0,"b":0.9854856133460999,"g":0.9856501817703247,"r":0.9856458902359009},"metallic":1.0,"name":"半球摄像机主体材质","nor_map":null,"roughness":0.22540000081062317},"DD960738-6848-42e0-9BF0-92C703E5D267":{"alphamode":0,"base_map":null,"color":{"a":1.0,"b":0.6274510025978088,"g":0.6274510025978088,"r":0.6274510025978088},"metallic":1.0,"name":"摄像机","nor_map":null,"roughness":0.5},"F04D00AD-5389-471c-9BC7-4FBBB6BE89B2":{"alphamode":0,"base_map":null,"color":{"a":0.0,"b":0.8509804010391235,"g":0.8509804010391235,"r":0.8509804010391235},"metallic":1.0,"name":"摄像机外壳","nor_map":null,"roughness":1.0}}