{"1915A204-5D66-4b65-97DA-5F37D52B448D":{"alphamode":2,"base_map":null,"color":{"a":0.25,"b":1.0,"g":0.8235294222831726,"r":0.8235294222831726},"metallic":1.0,"name":"屏幕","nor_map":null,"roughness":1.0},"40E96BFC-5A31-43f5-9061-FC5AEF9F2548":{"alphamode":0,"base_map":null,"color":{"a":0.0,"b":0.1725490242242813,"g":0.1725490242242813,"r":0.1725490242242813},"metallic":1.0,"name":"64_64_64","nor_map":null,"roughness":1.0},"625164B7-2083-42d8-A365-C519C935B207":{"alphamode":0,"base_map":null,"color":{"a":1.0,"b":0.0,"g":0.0,"r":0.0},"metallic":1.0,"name":"黑色","nor_map":null,"roughness":0.5},"9544B03D-9FA8-4f7f-9077-CB3650395C81":{"alphamode":0,"base_map":null,"color":{"a":1.0,"b":1.0,"g":1.0,"r":1.0},"metallic":1.0,"name":"模型文字-白","nor_map":null,"roughness":0.5},"BEE063F4-B758-4d77-A5F3-DEE49CC89563":{"alphamode":0,"base_map":null,"color":{"a":1.0,"b":0.3149999976158142,"g":0.3149999976158142,"r":0.3149999976158142},"metallic":1.0,"name":"白色塑料","nor_map":null,"roughness":0.5}}