{"0C9C5BC4-D6EE-459a-9286-CA808C9036A6":{"alphamode":2,"base_map":null,"color":{"a":0.20000000298023224,"b":0.9803921580314636,"g":0.9803921580314636,"r":0.9803921580314636},"metallic":1.0,"name":"透明玻璃","nor_map":null,"roughness":1.0},"0D52407C-AF17-4d60-AFAA-07B3F734D1AA":{"alphamode":0,"base_map":"png/4.png","color":{"a":1.0,"b":0.9854856133460999,"g":0.9856501817703247,"r":0.9856458902359009},"metallic":1.0,"name":"PVC面板","nor_map":null,"roughness":0.22540000081062317},"1A1EA000-2A91-46a3-AE48-96C05058B1C7":{"alphamode":0,"base_map":null,"color":{"a":1.0,"b":0.9725490212440491,"g":0.9490196108818054,"r":0.9450980424880981},"metallic":1.0,"name":"25689","nor_map":null,"roughness":1.0},"221A34E0-1F56-4320-A48A-248B71A0A4E8":{"alphamode":0,"base_map":"png/3.png","color":{"a":1.0,"b":0.8745098114013672,"g":0.8745098114013672,"r":0.8745098114013672},"metallic":1.0,"name":"灰麻花岗岩600x600","nor_map":null,"roughness":0.9300000071525574},"26A3B95D-AA6A-4a87-BE80-FDE966801438":{"alphamode":0,"base_map":null,"color":{"a":0.0,"b":0.0,"g":0.0,"r":0.0},"metallic":1.0,"name":"塑料","nor_map":null,"roughness":1.0},"34A961C3-C72A-4732-AC48-130C43D9E83C":{"alphamode":0,"base_map":null,"color":{"a":1.0,"b":0.49803921580314636,"g":0.49803921580314636,"r":0.49803921580314636},"metallic":1.0,"name":"127-127-127","nor_map":null,"roughness":0.5},"38B13363-C121-41ff-AEC3-AE292F1155CF":{"alphamode":0,"base_map":null,"color":{"a":0.0,"b":1.0,"g":1.0,"r":1.0},"metallic":1.0,"name":"渲染材质 255-255-255","nor_map":null,"roughness":1.0},"3DB6F242-DDDE-47eb-B3B9-8F241749359D":{"alphamode":0,"base_map":null,"color":{"a":1.0,"b":1.0,"g":1.0,"r":1.0},"metallic":1.0,"name":"模型文字-白","nor_map":null,"roughness":0.5},"4CE20CAD-C540-477f-A045-963D7D26C5FC":{"alphamode":0,"base_map":null,"color":{"a":0.0,"b":0.3137255012989044,"g":0.3137255012989044,"r":0.3137255012989044},"metallic":1.0,"name":"导向牌框","nor_map":null,"roughness":1.0},"5D8B08AE-8CB6-4cff-9750-1AFFD1792533":{"alphamode":0,"base_map":"png/6.png","color":{"a":1.0,"b":0.9854856133460999,"g":0.9856501817703247,"r":0.9856458902359009},"metallic":1.0,"name":"空气开关、漏电保护器","nor_map":null,"roughness":0.20000000298023224},"5EE0BC8E-A7F2-409a-BD05-A36CD526B50F":{"alphamode":0,"base_map":"png/1.png","color":{"a":1.0,"b":0.7333333492279053,"g":0.7333333492279053,"r":0.7333333492279053},"metallic":1.0,"name":"01-拉丝不锈钢","nor_map":null,"roughness":0.46875},"5F641AF6-3816-4b65-AEF8-C064AE98C45E":{"alphamode":0,"base_map":null,"color":{"a":1.0,"b":0.7058823704719543,"g":0.7058823704719543,"r":0.7058823704719543},"metallic":1.0,"name":"CAD","nor_map":null,"roughness":1.0},"6023A841-3BA7-4972-973A-A5F69B1A7EFE":{"alphamode":0,"base_map":null,"color":{"a":1.0,"b":0.3149999976158142,"g":0.3149999976158142,"r":0.3149999976158142},"metallic":1.0,"name":"白色塑料","nor_map":null,"roughness":0.5},"685164A8-75C5-4325-B3CF-ED22C05FC825":{"alphamode":0,"base_map":null,"color":{"a":1.0,"b":0.7921568751335144,"g":0.3960784375667572,"r":0.0},"metallic":1.0,"name":"可回收物","nor_map":null,"roughness":0.5},"7A44D7EB-46D4-4e48-B977-028A1C63ED35":{"alphamode":0,"base_map":null,"color":{"a":0.0,"b":0.09019608050584793,"g":0.10588235408067703,"r":0.8352941274642944},"metallic":1.0,"name":"内外涂环氧复合钢管","nor_map":null,"roughness":1.0},"8A10291D-4BD4-415d-A681-305E7641518B":{"alphamode":0,"base_map":null,"color":{"a":1.0,"b":0.0,"g":1.0,"r":0.0},"metallic":1.0,"name":"01-安全出口文字","nor_map":null,"roughness":0.5},"8A39D186-7655-4860-A644-6BA9D85F7A7B":{"alphamode":2,"base_map":null,"color":{"a":1.0,"b":0.8999999761581421,"g":0.8999999761581421,"r":0.8999999761581421},"metallic":1.0,"name":"空气","nor_map":null,"roughness":0.5199999809265137},"8DFE1F4F-07BB-4983-8B8C-6D2EFB0B196E":{"alphamode":0,"base_map":null,"color":{"a":0.0,"b":0.239215686917305,"g":0.239215686917305,"r":0.239215686917305},"metallic":1.0,"name":"电视外壳","nor_map":null,"roughness":1.0},"8F77B27A-4054-4c10-8AF9-A96721698BDE":{"alphamode":2,"base_map":"png/7.png","color":{"a":0.019999999552965164,"b":0.9098039269447327,"g":0.8666666746139526,"r":0.7882353067398071},"metallic":1.0,"name":"钢化玻璃","nor_map":null,"roughness":1.0},"99A4916D-CE46-40a5-8135-717A59D810C9":{"alphamode":0,"base_map":null,"color":{"a":1.0,"b":0.0,"g":0.501960813999176,"r":1.0},"metallic":1.0,"name":"01-橙色铝合金板","nor_map":null,"roughness":0.5},"99C93A74-D20E-4e2b-A093-11AFB2941678":{"alphamode":0,"base_map":null,"color":{"a":1.0,"b":0.0,"g":1.0,"r":1.0},"metallic":1.0,"name":"门套","nor_map":null,"roughness":0.5},"A2AC27A1-F43E-458b-81A4-254C5827A107":{"alphamode":0,"base_map":null,"color":{"a":0.0,"b":0.6980392336845398,"g":0.6980392336845398,"r":0.6980392336845398},"metallic":1.0,"name":"178_178_178","nor_map":null,"roughness":1.0},"A4AE8BC9-5F5D-4874-AAA0-2A289DADEBDA":{"alphamode":0,"base_map":null,"color":{"a":1.0,"b":0.3149999976158142,"g":0.3149999976158142,"r":0.3149999976158142},"metallic":1.0,"name":"TSP-TM-B2-01A","nor_map":null,"roughness":1.0},"A59C5891-1AC5-4158-A3EA-BD94546FF10F":{"alphamode":0,"base_map":"png/2.png","color":{"a":1.0,"b":0.8745098114013672,"g":0.8745098114013672,"r":0.8745098114013672},"metallic":1.0,"name":"灰麻花岗岩","nor_map":null,"roughness":0.45227745175361633},"A90AF071-CEA7-4862-B143-877E384ABA41":{"alphamode":0,"base_map":null,"color":{"a":0.0,"b":0.929411768913269,"g":0.8196078538894653,"r":0.729411780834198},"metallic":1.0,"name":"广告灯箱","nor_map":null,"roughness":1.0},"AB8E37E4-1928-4729-BA55-C88FF6FB4A06":{"alphamode":0,"base_map":"png/5.png","color":{"a":1.0,"b":0.9854856133460999,"g":0.9856501817703247,"r":0.9856458902359009},"metallic":1.0,"name":"灯管外壳","nor_map":null,"roughness":0.22540000081062317},"B2230595-75FF-4338-A5C6-7863B1148B78":{"alphamode":0,"base_map":null,"color":{"a":0.0,"b":0.0,"g":0.0,"r":0.4901960790157318},"metallic":1.0,"name":"金属-暗红","nor_map":null,"roughness":1.0},"B600E4B5-B7D1-41a8-B082-DA6B71615332":{"alphamode":0,"base_map":null,"color":{"a":0.0,"b":0.9686274528503418,"g":0.9686274528503418,"r":0.9686274528503418},"metallic":1.0,"name":"金属 - 钢","nor_map":null,"roughness":1.0},"B64299D5-8F2C-4755-ADEF-E7086B198BEF":{"alphamode":0,"base_map":"png/0.png","color":{"a":1.0,"b":0.6865993738174438,"g":0.6927269697189331,"r":0.708800196647644},"metallic":1.0,"name":"公共区踢脚","nor_map":null,"roughness":0.45227745175361633},"BC57E8EE-96D6-4647-90F9-06732C42DEEE":{"alphamode":0,"base_map":null,"color":{"a":1.0,"b":0.0,"g":0.05098039284348488,"r":0.0},"metallic":1.0,"name":"安全指示背景","nor_map":null,"roughness":0.5},"BFE054A4-1D35-4a97-8C8A-AD6E4B150C3F":{"alphamode":0,"base_map":null,"color":{"a":0.0,"b":0.06666667014360428,"g":0.06666667014360428,"r":0.06666667014360428},"metallic":1.0,"name":"踢脚线","nor_map":null,"roughness":1.0},"C7991283-2404-4c4b-909C-D434CA43B283":{"alphamode":0,"base_map":null,"color":{"a":1.0,"b":0.4901960790157318,"g":1.0,"r":0.4901960790157318},"metallic":1.0,"name":"AA","nor_map":null,"roughness":1.0},"CE57E073-D6A8-4479-BA36-B69CD14F6ECC":{"alphamode":0,"base_map":null,"color":{"a":0.0,"b":0.7254902124404907,"g":0.7333333492279053,"r":0.7411764860153198},"metallic":1.0,"name":"梯级-黑色铝","nor_map":null,"roughness":1.0},"D2F23482-4FB2-4fa8-80ED-030C8F12EB3A":{"alphamode":0,"base_map":null,"color":{"a":1.0,"b":1.0,"g":1.0,"r":1.0},"metallic":1.0,"name":"灯管","nor_map":null,"roughness":1.0},"D4312596-1EE1-4b6d-805A-3C682B1BC90D":{"alphamode":2,"base_map":null,"color":{"a":0.25,"b":1.0,"g":0.0,"r":0.0},"metallic":1.0,"name":"玻璃","nor_map":null,"roughness":1.0},"DBAFD26C-6379-476e-B130-C17FDBE10DE6":{"alphamode":0,"base_map":null,"color":{"a":1.0,"b":0.0,"g":0.0,"r":0.0},"metallic":1.0,"name":"JR","nor_map":null,"roughness":0.5},"E38FD072-62F7-4bbe-A62C-67EC4A3D1129":{"alphamode":0,"base_map":null,"color":{"a":0.0,"b":0.49803921580314636,"g":0.49803921580314636,"r":0.49803921580314636},"metallic":1.0,"name":"MaterialNode_8355711_0","nor_map":null,"roughness":1.0},"E5849383-938D-4dac-853A-E22AC6E8565B":{"alphamode":0,"base_map":null,"color":{"a":0.0,"b":1.0,"g":1.0,