{"0004D179-CF62-44e7-B46A-00742DFB25A1":{"alphamode":0,"base_map":null,"color":{"a":0.0,"b":0.7529411911964417,"g":0.7529411911964417,"r":0.7529411911964417},"metallic":1.0,"name":"Gomma","nor_map":null,"roughness":1.0},"01C7B789-F3C3-434f-9494-4616026C4572":{"alphamode":0,"base_map":"png/1.png","color":{"a":1.0,"b":0.3149999976158142,"g":0.3149999976158142,"r":0.3149999976158142},"metallic":1.0,"name":"黑色边框","nor_map":null,"roughness":0.5},"14CE56E7-CA61-4306-ABDD-193443AB2A48":{"alphamode":0,"base_map":null,"color":{"a":0.0,"b":0.0,"g":0.0,"r":1.0},"metallic":1.0,"name":"渲染材质 255-255-255(1)","nor_map":null,"roughness":1.0},"1CEFB13D-04AA-40ae-8FF6-0673ECC1F34F":{"alphamode":0,"base_map":null,"color":{"a":0.0,"b":0.9725490212440491,"g":0.14509804546833038,"r":0.0941176488995552},"metallic":1.0,"name":"蓝色显示屏","nor_map":null,"roughness":1.0},"28413DA1-4A17-426d-8211-0B68136E6519":{"alphamode":0,"base_map":null,"color":{"a":1.0,"b":0.9607843160629272,"g":0.9607843160629272,"r":0.9607843160629272},"metallic":1.0,"name":"LOGO","nor_map":null,"roughness":0.5},"2F96804F-7819-4c8b-A85D-51FBEDB56FAC":{"alphamode":0,"base_map":null,"color":{"a":0.0,"b":0.95686274766922,"g":0.95686274766922,"r":0.95686274766922},"metallic":1.0,"name":"M_安检台材质","nor_map":null,"roughness":1.0},"4D9ADFDA-AB33-4965-AFF9-43FACC01B001":{"alphamode":0,"base_map":"png/2.png","color":{"a":0.0,"b":0.18431372940540314,"g":0.18431372940540314,"r":0.18431372940540314},"metallic":1.0,"name":"黑布","nor_map":null,"roughness":1.0},"5D568070-76D5-4e6e-A916-2E7D0EC8BEC2":{"alphamode":2,"base_map":null,"color":{"a":0.25,"b":0.9333333373069763,"g":0.9411764740943909,"r":0.9254902005195618},"metallic":1.0,"name":"玻璃","nor_map":null,"roughness":1.0},"61174D1A-7ECC-48fc-8EE2-FC8E8573DBEF":{"alphamode":0,"base_map":null,"color":{"a":1.0,"b":0.0,"g":1.0,"r":1.0},"metallic":1.0,"name":"印刷黄","nor_map":null,"roughness":0.699999988079071},"625164B7-2083-42d8-A365-C519C935B207":{"alphamode":0,"base_map":null,"color":{"a":1.0,"b":0.0,"g":0.0,"r":0.0},"metallic":1.0,"name":"黑色","nor_map":null,"roughness":0.5},"7950722E-2A1F-4341-BB9E-0C5D4DD2E33B":{"alphamode":0,"base_map":null,"color":{"a":0.0,"b":0.7372549176216125,"g":0.8470588326454163,"r":0.8784313797950745},"metallic":1.0,"name":"亮银色把手","nor_map":null,"roughness":1.0},"7EF5849E-8F72-413b-8614-8D326CE1EABD":{"alphamode":0,"base_map":"png/0.png","color":{"a":1.0,"b":0.3149999976158142,"g":0.3149999976158142,"r":0.3149999976158142},"metallic":1.0,"name":"黑色垫脚","nor_map":null,"roughness":0.5},"7F4799E5-AB64-49a2-9549-5262262D913B":{"alphamode":0,"base_map":null,"color":{"a":1.0,"b":0.33725491166114807,"g":0.34117648005485535,"r":0.3450980484485626},"metallic":1.0,"name":"象牙黑","nor_map":null,"roughness":0.5},"7F48F962-2B3A-4ca3-9A51-06A6BCA9690B":{"alphamode":0,"base_map":"png/3.png","color":{"a":0.0,"b":0.18431372940540314,"g":0.18431372940540314,"r":0.18431372940540314},"metallic":1.0,"name":"黑色塑料","nor_map":null,"roughness":1.0},"830944CD-5F99-4c78-8AF8-B64192407DA6":{"alphamode":0,"base_map":null,"color":{"a":0.0,"b":0.49803921580314636,"g":0.49803921580314636,"r":0.49803921580314636},"metallic":1.0,"name":"MaterialNode_8355711_0","nor_map":null,"roughness":1.0},"880C364B-E21D-438a-8165-D443D227A0D0":{"alphamode":0,"base_map":null,"color":{"a":0.0,"b":0.47058823704719543,"g":0.47058823704719543,"r":0.47058823704719543},"metallic":1.0,"name":"不锈钢","nor_map":null,"roughness":1.0},"8E7EC581-ED09-482b-8B0E-E2A17BC3138A":{"alphamode":0,"base_map":null,"color":{"a":0.0,"b":1.0,"g":0.9490196108818054,"r":0.9490196108818054},"metallic":1.0,"name":"杆","nor_map":null,"roughness":1.0},"901742E1-AABB-40dd-83F5-C6A2EE7A4ADA":{"alphamode":0,"base_map":null,"color":{"a":0.0,"b":0.0,"g":0.0,"r":0.0},"metallic":1.0,"name":"塑料","nor_map":null,"roughness":1.0},"9544B03D-9FA8-4f7f-9077-CB3650395C81":{"alphamode":0,"base_map":null,"color":{"a":1.0,"b":1.0,"g":1.0,"r":1.0},"metallic":1.0,"name":"模型文字-白","nor_map":null,"roughness":0.5},"95CD1B91-1BF2-4b64-9D1C-20D8126390F4":{"alphamode":0,"base_map":null,"color":{"a":1.0,"b":0.9411764740943909,"g":0.9843137264251709,"r":1.0},"metallic":1.0,"name":"黄铜色","nor_map":null,"roughness":0.5},"972885F5-B7BB-4fc0-A82F-62B637C1E35B":{"alphamode":2,"base_map":null,"color":{"a":1.0,"b":0.3149999976158142,"g":0.3149999976158142,"r":0.3149999976158142},"metallic":1.0,"name":"二维码模块","nor_map":null,"roughness":0.5},"97ECD70F-471F-4965-A456-DDFDBA22F5A8":{"alphamode":0,"base_map":"png/5.png","color":{"a":1.0,"b":0.3149999976158142,"g":0.3149999976158142,"r":0.3149999976158142},"metallic":1.0,"name":"橘黄色外壳","nor_map":null,"roughness":0.5},"A517D441-F5E6-4621-AAF0-C62FEB026A30":{"alphamode":0,"base_map":null,"color":{"a":1.0,"b":0.20000000298023224,"g":0.20000000298023224,"r":0.20000000298023224},"metallic":1.0,"name":"浅黑色外壳","nor_map":null,"roughness":0.5},"B1EC3A1A-C6D1-4a46-B90F-7C192E188FE1":{"alphamode":0,"base_map":null,"color":{"a":0.0,"b":0.3019607961177826,"g":0.14901961386203766,"r":0.0},"metallic":1.0,"name":"Acciaio","nor_map":null,"roughness":1.0},"BCD11D8D-E6D8-4844-A805-CA88D2349292":{"alphamode":0,"base_map":null,"color":{"a":1.0,"b":0.7529411911964417,"g":0.7529411911964417,"r":0.7529411911964417},"metallic":1.0,"name":"透明塑料","nor_map":null,"roughness":0.5},"BEE063F4-B758-4d77-A5F3-DEE49CC89563":{"alphamode":0,"base_map":null,"color":{"a":1.0,"b":0.3149999976158142,"g":0.3149999976158142,"r":0.3149999976158142},"metallic":1.0,"name":"白色塑料","nor_map":null,"roughness":0.5},"C581F518-46BA-495a-9A89-BBFA3C48486D":{"alphamode":0,"base_map":null,"color":{"a":0.0,"b":0.019607843831181526,"g":0.019607843831181526,"r":0.019607843831181526},"metallic":1.0,"name":"黑色导轨","nor_map":null,"roughness":1.0},"C5C78AD8-A7EB-4740-B260-65A5D05D2D66":{"alphamode":0,"base_map":null,"color":{"a":0.0,"b":0.6745098233222961,"g":0.7843137383460999,"r":0.22745098173618317},"metallic":1.0,"name":"青色","nor_map":null,"roughness":1.0},"C6B7AE15-DF00-446f-A869-6F3A39F36E3A":{"alphamode":0,"base_map":null,"color":{"a":1.0,"b":0.0,"g":0.0,"r":0.5333333611488342},"metallic":1.0,"name":"PCB主控板","nor_map":null,"roughness":0.5},"C8FFC976-C4CB-4eb1-ACFE-DBBD142E903D":{"alphamode":0,"base_map":null,"color":{"a":1.0,"b":0.0,"g":0.0,"r":1.0},"metallic":1.0,"name":"银白金属","nor_map":null,"roughness":0.5},"CD2DDA68-8CD2-4aea-A2CD-555D887DD52C":{"alphamode":0,"base_map":null,"color":{"a":0.0,"b":0.37254902720451355,"g":0.5686274766921997,"r":0.5960784554481506},"metallic":1.0,"name":"Ottone","nor_map":null,"roughness":1.0},"E3E85A05-07C6-4d20-8684-816D89AADD26":{"alphamode":0,"base_map":"png/4.png","color":{"a":0.0,"b":0.2078431397676468,"g":0.2078431397676468,"r":0.2078431397676468},"metallic":1.0,"name":"黑色外壳","nor_map":null,"roughness":1.0},"EFA7EE4F-ED0C-48b8-B880-C7FC1E0D5743":{"alphamode":0,"base_map":null,"color":{"a":0.0,"b":0.32549020648002625,"g":0.05098039284348488,"r":0.05098039284348488},"metallic":1.0,"name":"深蓝","nor_map":null,"roughness":1.0},"F10A029F-502D-4cc7-8111-D572C3C6841F":{"alphamode":0,"base_map":null,"color":{"a":1.0,"b":0.0,"g":0.0,"r":1.0},"metallic":1.0,"name":"按钮红","nor_map":null,"roughness":0.699999988079071}}