{"3DB6F242-DDDE-47eb-B3B9-8F241749359D":{"alphamode":0,"base_map":null,"color":{"a":1.0,"b":1.0,"g":1.0,"r":1.0},"metallic":1.0,"name":"模型文字-白","nor_map":null,"roughness":0.5},"6023A841-3BA7-4972-973A-A5F69B1A7EFE":{"alphamode":0,"base_map":null,"color":{"a":1.0,"b":0.3149999976158142,"g":0.3149999976158142,"r":0.3149999976158142},"metallic":1.0,"name":"白色塑料","nor_map":null,"roughness":0.5},"943C3D25-A1F2-44ed-9BC2-13813FD1BF1B":{"alphamode":0,"base_map":null,"color":{"a":0.0,"b":0.1725490242242813,"g":0.1725490242242813,"r":0.1725490242242813},"metallic":1.0,"name":"64_64_64","nor_map":null,"roughness":1.0},"D941C68B-6FE6-40d6-A679-D02D7CBEE8CC":{"alphamode":2,"base_map":null,"color":{"a":0.25,"b":1.0,"g":0.8235294222831726,"r":0.8235294222831726},"metallic":1.0,"name":"屏幕","nor_map":null,"roughness":1.0},"DBAFD26C-6379-476e-B130-C17FDBE10DE6":{"alphamode":0,"base_map":null,"color":{"a":1.0,"b":0.0,"g":0.0,"r":0.0},"metallic":1.0,"name":"JR","nor_map":null,"roughness":0.5}}