{"16413890-97F8-4c76-9505-C83E8FDFBE30":{"alphamode":0,"base_map":null,"color":{"a":1.0,"b":0.7843137979507446,"g":0.7843137979507446,"r":0.7843137979507446},"metallic":1.0,"name":"护壁板-不锈钢304","nor_map":null,"roughness":0.2928932309150696},"1E86F0BE-AB96-49b0-A72F-7FEA8EC45730":{"alphamode":0,"base_map":null,"color":{"a":1.0,"b":0.3149999976158142,"g":0.3149999976158142,"r":0.3149999976158142},"metallic":1.0,"name":"龙头急停按钮-黑色塑料","nor_map":null,"roughness":0.5},"28E895A7-92FE-495e-B879-F6E9A5550EFB":{"alphamode":0,"base_map":null,"color":{"a":1.0,"b":0.9529412388801575,"g":0.9529412388801575,"r":0.9529412388801575},"metallic":1.0,"name":"龙头急停按钮-白贴纸","nor_map":null,"roughness":0.22540335357189178},"807230F8-7DF8-44b9-B755-1B914966D874":{"alphamode":2,"base_map":null,"color":{"a":0.10000000149011612,"b":0.09803921729326248,"g":0.09803921729326248,"r":0.7490196228027344},"metallic":1.0,"name":"龙头急停按钮-红塑料","nor_map":null,"roughness":1.0},"CC325CC2-8BA8-48c1-A8B3-AB42F65A56FD":{"alphamode":2,"base_map":null,"color":{"a":0.15000000596046448,"b":0.09803921729326248,"g":0.8980392217636108,"r":0.8980392217636108},"metallic":1.0,"name":"龙头急停按钮-黄塑料","nor_map":null,"roughness":1.0},"CDBD58FC-0C21-44c9-9C2C-47FDF2628C34":{"alphamode":0,"base_map":"png/0.png","color":{"a":1.0,"b":0.23529411852359772,"g":0.23529411852359772,"r":0.23529411852359772},"metallic":1.0,"name":"梯级-黑色铝","nor_map":null,"roughness":0.4699999988079071},"FE72546E-EFAB-4b42-880A-83216188A145":{"alphamode":0,"base_map":null,"color":{"a":1.0,"b":0.13333334028720856,"g":0.13333334028720856,"r":0.13333334028720856},"metallic":1.0,"name":"扶手带入口-黑塑料","nor_map":null,"roughness":0.22540335357189178}}