{"237014BA-FFE6-4df9-9E41-440122C34286":{"alphamode":0,"base_map":null,"color":{"a":0.0,"b":0.9686274528503418,"g":0.9686274528503418,"r":0.9686274528503418},"metallic":1.0,"name":"金属 - 钢","nor_map":null,"roughness":1.0},"35563E18-E254-4e7c-83B8-0B43DB551554":{"alphamode":0,"base_map":"png/0.png","color":{"a":1.0,"b":0.8925338983535767,"g":0.8958778381347656,"r":0.8969359993934631},"metallic":1.0,"name":"天花板 - 扣板 600 x 1200mm","nor_map":null,"roughness":1.0},"36A396F7-1786-4a17-BA20-48D315B941E7":{"alphamode":2,"base_map":null,"color":{"a":0.15000000596046448,"b":0.9372549057006836,"g":0.9411764740943909,"r":0.9254902005195618},"metallic":1.0,"name":"玻璃","nor_map":null,"roughness":1.0},"8061ABC1-6151-4f63-93E9-19D7F400971B":{"alphamode":0,"base_map":"png/1.png","color":{"a":1.0,"b":0.501960813999176,"g":0.501960813999176,"r":0.501960813999176},"metallic":1.0,"name":"地砖 - 600 x 600","nor_map":null,"roughness":0.15000000596046448},"830944CD-5F99-4c78-8AF8-B64192407DA6":{"alphamode":0,"base_map":null,"color":{"a":0.0,"b":0.49803921580314636,"g":0.49803921580314636,"r":0.49803921580314636},"metallic":1.0,"name":"MaterialNode_8355711_0","nor_map":null,"roughness":1.0},"880C364B-E21D-438a-8165-D443D227A0D0":{"alphamode":0,"base_map":null,"color":{"a":0.0,"b":0.47058823704719543,"g":0.47058823704719543,"r":0.47058823704719543},"metallic":1.0,"name":"不锈钢","nor_map":null,"roughness":1.0},"95B68FAA-036F-49b9-9082-C8079E77A5E7":{"alphamode":0,"base_map":null,"color":{"a":0.0,"b":0.9372549057006836,"g":0.9372549057006836,"r":0.9254902005195618},"metallic":1.0,"name":"金属 - 不锈钢，抛光","nor_map":null,"roughness":1.0},"A8C018B9-3696-45be-ACA7-ABD24FBB0BD0":{"alphamode":0,"base_map":"png/2.png","color":{"a":1.0,"b":0.6865993738174438,"g":0.6927269697189331,"r":0.708800196647644},"metallic":1.0,"name":"花岗岩，挖方，抛光","nor_map":null,"roughness":0.20000000298023224}}