{"506798FE-2CAA-47b3-9E48-15A313E13430":{"alphamode":0,"base_map":null,"color":{"a":1.0,"b":0.8745098114013672,"g":0.8745098114013672,"r":0.8745098114013672},"metallic":1.0,"name":"灰麻花岗岩600x600","nor_map":null,"roughness":0.45227745175361633},"99A4916D-CE46-40a5-8135-717A59D810C9":{"alphamode":0,"base_map":null,"color":{"a":1.0,"b":0.0,"g":0.501960813999176,"r":1.0},"metallic":1.0,"name":"01-橙色铝合金板","nor_map":null,"roughness":0.5},"BFE054A4-1D35-4a97-8C8A-AD6E4B150C3F":{"alphamode":0,"base_map":null,"color":{"a":0.0,"b":0.06666667014360428,"g":0.06666667014360428,"r":0.06666667014360428},"metallic":1.0,"name":"踢脚线","nor_map":null,"roughness":1.0},"CE989CAC-D85D-4c8e-9EC2-DBBDFECBCC19":{"alphamode":2,"base_map":null,"color":{"a":0.25,"b":0.7529411911964417,"g":0.501960813999176,"r":0.0},"metallic":1.0,"name":"Glass","nor_map":null,"roughness":1.0},"F227866F-0A67-43f8-95C7-12BF0DDCFB1B":{"alphamode":0,"base_map":null,"color":{"a":0.0,"b":0.03529411926865578,"g":0.03529411926865578,"r":0.03529411926865578},"metallic":1.0,"name":"花岗石","nor_map":null,"roughness":1.0},"F9D789C1-7B7C-4af3-A084-C192D82D4ED0":{"alphamode":0,"base_map":"png/0.png","color":{"a":1.0,"b":0.7333333492279053,"g":0.7333333492279053,"r":0.7333333492279053},"metallic":1.0,"name":"01-拉丝不锈钢","nor_map":null,"roughness":0.46875}}