{"1B990291-82F3-4c08-BEB7-AD2E53EC7B84":{"alphamode":0,"base_map":null,"color":{"a":1.0,"b":0.5411764979362488,"g":0.572549045085907,"r":0.5647059082984924},"metallic":1.0,"name":"手部","nor_map":null,"roughness":0.5},"26A3B95D-AA6A-4a87-BE80-FDE966801438":{"alphamode":0,"base_map":null,"color":{"a":0.0,"b":0.0,"g":0.0,"r":0.0},"metallic":1.0,"name":"塑料","nor_map":null,"roughness":1.0},"6023A841-3BA7-4972-973A-A5F69B1A7EFE":{"alphamode":0,"base_map":null,"color":{"a":1.0,"b":0.3149999976158142,"g":0.3149999976158142,"r":0.3149999976158142},"metallic":1.0,"name":"白色塑料","nor_map":null,"roughness":0.5},"7A44D7EB-46D4-4e48-B977-028A1C63ED35":{"alphamode":0,"base_map":null,"color":{"a":0.0,"b":0.09019608050584793,"g":0.10588235408067703,"r":0.8352941274642944},"metallic":1.0,"name":"内外涂环氧复合钢管","nor_map":null,"roughness":1.0},"9E4FAAB3-DBC6-43eb-8031-250A34D449EC":{"alphamode":0,"base_map":"png/0.png","color":{"a":1.0,"b":0.9854856133460999,"g":0.9856501817703247,"r":0.9856458902359009},"metallic":1.0,"name":"半球摄像机主体材质","nor_map":null,"roughness":0.22540000081062317},"AE70E6DF-F20B-424c-8245-3A546509F9C9":{"alphamode":0,"base_map":"png/1.png","color":{"a":0.0,"b":0.49803921580314636,"g":0.49803921580314636,"r":0.49803921580314636},"metallic":1.0,"name":"黑色","nor_map":null,"roughness":1.0},"BB75FE31-7CB4-4cc5-A1E6-1B01B4844102":{"alphamode":0,"base_map":null,"color":{"a":0.0,"b":0.8509804010391235,"g":0.8509804010391235,"r":0.8509804010391235},"metallic":1.0,"name":"摄像机外壳","nor_map":null,"roughness":1.0},"BD954326-DC73-4091-9B8A-0829E2EA252D":{"alphamode":2,"base_map":null,"color":{"a":0.15000000596046448,"b":0.9725490212440491,"g":0.9764705896377563,"r":0.9686274528503418},"metallic":1.0,"name":"半球摄像机玻璃罩子","nor_map":null,"roughness":1.0},"BDCAA554-4281-4b53-9BE9-646A90ED571C":{"alphamode":0,"base_map":null,"color":{"a":1.0,"b":0.49000000953674316,"g":0.5899999737739563,"r":0.4699999988079071},"metallic":1.0,"name":"橡胶","nor_map":null,"roughness":1.0},"C3B77620-21E3-43c9-B32C-0D6F2A6610EB":{"alphamode":0,"base_map":null,"color":{"a":1.0,"b":0.6274510025978088,"g":0.6274510025978088,"r":0.6274510025978088},"metallic":1.0,"name":"摄像机","nor_map":null,"roughness":0.5},"DBAFD26C-6379-476e-B130-C17FDBE10DE6":{"alphamode":0,"base_map":null,"color":{"a":1.0,"b":0.0,"g":0.0,"r":0.0},"metallic":1.0,"name":"JR","nor_map":null,"roughness":0.5}}