{"02271401-045A-4857-967D-B23F3F03FB8C":{"alphamode":2,"base_map":null,"color":{"a":0.15000000596046448,"b":0.27450981736183167,"g":0.2823529541492462,"r":0.27843138575553894},"metallic":1.0,"name":"查询机-玻璃屏幕","nor_map":null,"roughness":1.0},"0724EE30-9CD9-4fa6-AD3D-B52B20AFE8FB":{"alphamode":0,"base_map":null,"color":{"a":1.0,"b":0.7686274647712708,"g":0.7411764860153198,"r":0.7254902124404907},"metallic":1.0,"name":"白色","nor_map":null,"roughness":0.5},"2F96804F-7819-4c8b-A85D-51FBEDB56FAC":{"alphamode":0,"base_map":null,"color":{"a":0.0,"b":0.95686274766922,"g":0.95686274766922,"r":0.95686274766922},"metallic":1.0,"name":"M_安检台材质","nor_map":null,"roughness":1.0},"31572E73-1BFE-4c4d-91D5-7B0914A150C6":{"alphamode":0,"base_map":null,"color":{"a":1.0,"b":0.1882352977991104,"g":0.1882352977991104,"r":0.1882352977991104},"metallic":1.0,"name":"摄像机镜头","nor_map":null,"roughness":0.5},"359C1480-6691-4397-AF01-CE3A2B5A212D":{"alphamode":0,"base_map":null,"color":{"a":0.0,"b":0.9176470637321472,"g":0.9176470637321472,"r":0.9176470637321472},"metallic":1.0,"name":"查询机-贴图","nor_map":null,"roughness":1.0},"4E82F2CE-AAAC-4201-92E6-EF0FC84AD14B":{"alphamode":0,"base_map":null,"color":{"a":1.0,"b":0.49000000953674316,"g":0.5899999737739563,"r":0.4699999988079071},"metallic":1.0,"name":"橡胶","nor_map":null,"roughness":1.0},"4FC9983C-C06F-42a6-A65B-1470066E0038":{"alphamode":0,"base_map":null,"color":{"a":0.0,"b":0.8901960849761963,"g":0.8901960849761963,"r":0.8901960849761963},"metallic":1.0,"name":"摄像头主体材质","nor_map":null,"roughness":1.0},"5BDA1076-583D-4b37-95CE-69870BFEE954":{"alphamode":0,"base_map":null,"color":{"a":0.0,"b":0.09019608050584793,"g":0.10588235408067703,"r":0.8352941274642944},"metallic":1.0,"name":"内外涂环氧复合钢管","nor_map":null,"roughness":1.0},"63248097-8752-4183-9A2D-E494A2E7AD36":{"alphamode":0,"base_map":"png/0.png","color":{"a":1.0,"b":0.9854856133460999,"g":0.9856501817703247,"r":0.9856458902359009},"metallic":1.0,"name":"半球摄像机主体材质","nor_map":null,"roughness":0.22540000081062317},"80BC2EFE-66A1-4244-9B86-862F2758BE6F":{"alphamode":2,"base_map":null,"color":{"a":0.15000000596046448,"b":0.9725490212440491,"g":0.9764705896377563,"r":0.9686274528503418},"metallic":1.0,"name":"半球摄像机玻璃罩子","nor_map":null,"roughness":1.0},"901742E1-AABB-40dd-83F5-C6A2EE7A4ADA":{"alphamode":0,"base_map":null,"color":{"a":0.0,"b":0.0,"g":0.0,"r":0.0},"metallic":1.0,"name":"塑料","nor_map":null,"roughness":1.0},"AEB9A17D-E273-4a12-8E3D-7B952A272F34":{"alphamode":0,"base_map":"png/1.png","color":{"a":0.0,"b":0.49803921580314636,"g":0.49803921580314636,"r":0.49803921580314636},"metallic":1.0,"name":"黑色","nor_map":null,"roughness":1.0},"B07D4354-E2F1-47a7-9A5E-2006402E8FD8":{"alphamode":2,"base_map":null,"color":{"a":1.0,"b":0.7686274647712708,"g":0.7411764860153198,"r":0.7254902124404907},"metallic":1.0,"name":"材质","nor_map":null,"roughness":0.5},"C906B515-6853-42db-AEFA-C90DF402C9CB":{"alphamode":0,"base_map":null,"color":{"a":1.0,"b":0.5411764979362488,"g":0.572549045085907,"r":0.5647059082984924},"metallic":1.0,"name":"手部","nor_map":null,"roughness":0.5},"DD960738-6848-42e0-9BF0-92C703E5D267":{"alphamode":0,"base_map":null,"color":{"a":1.0,"b":0.6274510025978088,"g":0.6274510025978088,"r":0.6274510025978088},"metallic":1.0,"name":"摄像机","nor_map":null,"roughness":0.5},"F04D00AD-5389-471c-9BC7-4FBBB6BE89B2":{"alphamode":0,"base_map":null,"color":{"a":0.0,"b":0.8509804010391235,"g":0.8509804010391235,"r":0.8509804010391235},"metallic":1.0,"name":"摄像机外壳","nor_map":null,"roughness":1.0},"F925A5EB-A4D8-491e-BA39-2D68FDA7AAE4":{"alphamode":0,"base_map":"png/0.png","color":{"a":0.0,"b":0.49803921580314636,"g":0.49803921580314636,"r":0.49803921580314636},"metallic":1.0,"name":"黑色","nor_map":null,"roughness":1.0}}