{"3D2150C1-37C1-40ba-A7E0-F9F154779DDE":{"alphamode":0,"base_map":null,"color":{"a":0.0,"b":0.47058823704719543,"g":0.47058823704719543,"r":0.47058823704719543},"metallic":1.0,"name":"不锈钢","nor_map":null,"roughness":1.0},"741FE7D3-DD41-49ee-A7F9-E45BDC5AF7DE":{"alphamode":0,"base_map":"png/0.png","color":{"a":1.0,"b":0.8925338983535767,"g":0.8958778381347656,"r":0.8969359993934631},"metallic":1.0,"name":"预制水磨石","nor_map":null,"roughness":1.0},"8A39D186-7655-4860-A644-6BA9D85F7A7B":{"alphamode":2,"base_map":null,"color":{"a":1.0,"b":0.8999999761581421,"g":0.8999999761581421,"r":0.8999999761581421},"metallic":1.0,"name":"空气","nor_map":null,"roughness":0.5199999809265137},"99A4916D-CE46-40a5-8135-717A59D810C9":{"alphamode":0,"base_map":null,"color":{"a":1.0,"b":0.0,"g":0.501960813999176,"r":1.0},"metallic":1.0,"name":"01-橙色铝合金板","nor_map":null,"roughness":0.5},"CE57E073-D6A8-4479-BA36-B69CD14F6ECC":{"alphamode":0,"base_map":null,"color":{"a":0.0,"b":0.7254902124404907,"g":0.7333333492279053,"r":0.7411764860153198},"metallic":1.0,"name":"梯级-黑色铝","nor_map":null,"roughness":1.0},"D4312596-1EE1-4b6d-805A-3C682B1BC90D":{"alphamode":2,"base_map":null,"color":{"a":0.25,"b":1.0,"g":0.0,"r":0.0},"metallic":1.0,"name":"玻璃","nor_map":null,"roughness":1.0}}