{"009397CD-35A1-490b-AD40-913620157901":{"alphamode":0,"base_map":"png/48.png","color":{"a":1.0,"b":1.0,"g":1.0,"r":1.0},"metallic":1.0,"name":"TSP-TZ-B2-29","nor_map":null,"roughness":0.5},"023716A5-DA5A-497e-8419-F9C570BF38A5":{"alphamode":0,"base_map":"png/42.png","color":{"a":1.0,"b":1.0,"g":1.0,"r":1.0},"metallic":1.0,"name":"TSP-XG-B2-21乙","nor_map":null,"roughness":0.5},"03D9F48F-020F-418d-90AA-BC317F3638A6":{"alphamode":0,"base_map":"png/36.png","color":{"a":1.0,"b":1.0,"g":1.0,"r":1.0},"metallic":1.0,"name":"TSP-TZ-B2-32","nor_map":null,"roughness":0.5},"07BEE06E-D6F8-4da3-9708-7C9711ADFE42":{"alphamode":2,"base_map":null,"color":{"a":1.0,"b":0.8999999761581421,"g":0.8999999761581421,"r":0.8999999761581421},"metallic":1.0,"name":"空气","nor_map":null,"roughness":0.5199999809265137},"0CFE1456-FC3A-4317-8F81-426E1B0A256A":{"alphamode":0,"base_map":"png/40.png","color":{"a":1.0,"b":1.0,"g":1.0,"r":1.0},"metallic":1.0,"name":"TSP-XG-B2-20乙","nor_map":null,"roughness":0.5},"13DB4F73-A4E6-41e7-B976-BDEAC080D2A2":{"alphamode":0,"base_map":"png/56.png","color":{"a":1.0,"b":1.0,"g":1.0,"r":1.0},"metallic":1.0,"name":"TSP-ZL-B2-24-C","nor_map":null,"roughness":0.5},"22D18D6C-D3DB-439f-B62D-CAC1638460BF":{"alphamode":0,"base_map":"png/50.png","color":{"a":1.0,"b":1.0,"g":1.0,"r":1.0},"metallic":1.0,"name":"TSP-TZ-B2-28","nor_map":null,"roughness":0.5},"22F0887D-6381-4991-9AD9-863C372FFB2E":{"alphamode":0,"base_map":"png/12.png","color":{"a":1.0,"b":1.0,"g":1.0,"r":1.0},"metallic":1.0,"name":"TSP-TZ-B2-05","nor_map":null,"roughness":0.5},"24D6F44E-DEA7-4f80-92F9-82645474F38E":{"alphamode":0,"base_map":"png/14.png","color":{"a":1.0,"b":1.0,"g":1.0,"r":1.0},"metallic":1.0,"name":"TSP-TZ-B2-42","nor_map":null,"roughness":0.5},"27745CBA-C1E7-4761-B936-73C4CE6C2E11":{"alphamode":0,"base_map":null,"color":{"a":1.0,"b":0.7921568751335144,"g":0.3960784375667572,"r":0.0},"metallic":1.0,"name":"可回收物","nor_map":null,"roughness":0.5},"28AFFB89-4C79-4136-8183-5E9B74406C87":{"alphamode":0,"base_map":null,"color":{"a":1.0,"b":0.3149999976158142,"g":0.3149999976158142,"r":0.3149999976158142},"metallic":1.0,"name":"橘色","nor_map":null,"roughness":0.5},"2A3138BD-4AC8-4d35-8561-7CA5F213568A":{"alphamode":0,"base_map":"png/7.png","color":{"a":1.0,"b":1.0,"g":1.0,"r":1.0},"metallic":1.0,"name":"TSP-XG-B2-46乙","nor_map":null,"roughness":0.5},"2D54E848-4375-4460-AF3D-72D033730367":{"alphamode":0,"base_map":null,"color":{"a":0.0,"b":1.0,"g":1.0,"r":1.0},"metallic":1.0,"name":"白色","nor_map":null,"roughness":1.0},"2FD4F650-94D2-4e91-B3F0-15421D91687B":{"alphamode":0,"base_map":"png/39.png","color":{"a":1.0,"b":1.0,"g":1.0,"r":1.0},"metallic":1.0,"name":"TSP-TZ-B2-19","nor_map":null,"roughness":0.5},"303E9CEE-D65E-48fa-918B-8304FBF2213C":{"alphamode":0,"base_map":"png/11.png","color":{"a":1.0,"b":1.0,"g":1.0,"r":1.0},"metallic":1.0,"name":"TSP-ZL-B2-04","nor_map":null,"roughness":0.5},"3E1C2FA4-06FA-4cd8-A7B9-267178CEB255":{"alphamode":0,"base_map":"png/24.png","color":{"a":1.0,"b":1.0,"g":1.0,"r":1.0},"metallic":1.0,"name":"TSP-XG-B2-11乙","nor_map":null,"roughness":0.5},"3ED0695F-BC5F-4288-BF5E-3B632C31190F":{"alphamode":0,"base_map":"png/21.png","color":{"a":1.0,"b":1.0,"g":1.0,"r":1.0},"metallic":1.0,"name":"TSP-TM-B2-09","nor_map":null,"roughness":0.5},"3F75D764-115A-4682-A6B9-023F1FB2A1EE":{"alphamode":0,"base_map":null,"color":{"a":0.0,"b":0.9725490212440491,"g":0.9843137264251709,"r":0.9882352948188782},"metallic":1.0,"name":"瓷，象牙白","nor_map":null,"roughness":1.0},"41C6DA27-CCC8-4564-B3F3-9E8B7B3F349C":{"alphamode":0,"base_map":null,"color":{"a":0.0,"b":0.6980392336845398,"g":0.7490196228027344,"r":0.6980392336845398},"metallic":1.0,"name":"镜子","nor_map":null,"roughness":1.0},"4228C25D-B0F3-419e-B948-6BCCD44D696E":{"alphamode":0,"base_map":null,"color":{"a":0.0,"b":0.9411764740943909,"g":0.9411764740943909,"r":0.9411764740943909},"metallic":1.0,"name":"D.拉丝不锈钢","nor_map":null,"roughness":1.0},"4375B6B2-847D-4d1e-8F58-F546E61467E0":{"alphamode":0,"base_map":null,"color":{"a":1.0,"b":1.0,"g":1.0,"r":1.0},"metallic":1.0,"name":"01-白色铝板","nor_map":null,"roughness":0.41999998688697815},"49FFFE39-8F5F-4412-8455-FB1412DD74EB":{"alphamode":0,"base_map":null,"color":{"a":0.0,"b":0.06666667014360428,"g":0.06666667014360428,"r":0.06666667014360428},"metallic":1.0,"name":"踢脚线","nor_map":null,"roughness":1.0},"4A23794D-2871-4d39-9480-3B8CB1BFA917":{"alphamode":0,"base_map":"png/28.png","color":{"a":1.0,"b":1.0,"g":1.0,"r":1.0},"metallic":1.0,"name":"TSP-XG-B2-33乙","nor_map":null,"roughness":0.5},"4C55F916-347B-414e-B202-98269770ED29":{"alphamode":0,"base_map":"png/33.png","color":{"a":1.0,"b":1.0,"g":1.0,"r":1.0},"metallic":1.0,"name":"TSP-TZ-B2-18","nor_map":null,"roughness":0.5},"54555A16-164A-46d7-AC8B-73D3931F37B5":{"alphamode":0,"base_map":"png/9.png","color":{"a":1.0,"b":1.0,"g":1.0,"r":1.0},"metallic":1.0,"name":"TSP-ZL-B2-04-C","nor_map":null,"roughness":0.5},"57E02417-4325-415d-AE8F-2C3695924F68":{"alphamode":0,"base_map":"png/10.png","color":{"a":1.0,"b":1.0,"g":1.0,"r":1.0},"metallic":1.0,"name":"后面","nor_map":null,"roughness":0.5},"59C3FE01-9636-4279-86DD-8583A98AD74A":{"alphamode":0,"base_map":null,"color":{"a":1.0,"b":0.7529411911964417,"g":0.501960813999176,"r":1.0},"metallic":1.0,"name":"TSP-TQ-B2-02","nor_map":null,"roughness":0.5},"5A11B7A1-0C60-4249-9E02-93AE1E21384F":{"alphamode":0,"base_map":"png/1.png","color":{"a":1.0,"b":0.6941176652908325,"g":0.7764706015586853,"r":0.7960784435272217},"metallic":1.0,"name":"防滑地砖","nor_map":null,"roughness":1.0},"5BF6164E-7483-4dd1-8A05-1CEEE91A2E32":{"alphamode":0,"base_map":"png/6.png","color":{"a":1.0,"b":1.0,"g":1.0,"r":1.0},"metallic":1.0,"name":"TSP-XG-B2-46甲","nor_map":null,"roughness":0.5},"678D6F48-07B8-4ab3-9E05-0047A9F79E98":{"alphamode":0,"base_map":"png/19.png","color":{"a":1.0,"b":1.0,"g":1.0,"r":1.0},"metallic":1.0,"name":"TSP-TZ-B2-08","nor_map":null,"roughness":0.5},"67C2AA07-61BE-4c72-88CA-A1255BFFA4B5":{"alphamode":0,"base_map":"png/17.png","color":{"a":1.0,"b":1.0,"g":1.0,"r":1.0},"metallic":1.0,"name":"TSP-XG-B2-41乙","nor_map":null,"roughness":0.5},"6D2C42E5-98ED-4465-8DD6-0E15957D4D79":{"alphamode":0,"base_map":"png/20.png","color":{"a":1.0,"b":1.0,"g":1.0,"r":1.0},"metallic":1.0,"name":"TSP-TM-B2-10","nor_map":null,"roughness":0.5},"6E9C40EB-8286-4422-AEE4-F3C7A0072403":{"alphamode":0,"base_map":"png/47.png","color":{"a":1.0,"b":1.0,"g":1.0,"r":1.0},"metallic":1.0,"name":"TSP-TZ-B2-23","nor_map":null,"roughness":0.5},"6FF54095-9BD2-46a5-B257-9F47B600BBCB":{"alphamode":0,"base_map":"png/4.png","color":{"a":1.0,"b":1.0,"g":1.0,"r":1.0},"metallic":1.0,"name":"TSP-XG-B2-03甲","nor_map":null,"roughness":0.5},"78F05211-90F7-4f66-866E-83AE1B15AC69":{"alphamode":0,"base_map":"png/2.png","color":{"a":1.0,"b":0.7318977117538452,"g":0.7319303750991821,"r":0.7319260835647583},"metallic":1.0,"name":"卫生间瓷砖_300x600","nor_map":null,"roughness":0.051316700875759125},"7C524F62-3228-413b-A799-A5F741EAEA62":{"alphamode":0,"base_map":"png/5.png","color":{"a":1.0,"b":1.0,"g":1.0,"r":1.0},"metallic":1.0,"name":"TSP-XG-B2-03乙","nor_map":null,"roughness":0.5},"7CC83CF8-6B9B-4d3f-97CF-0B034BB69C72":{"alphamode":0,"base_map":"png/34.png","color":{"a":1.0,"b":1.0,"g":1.0,"r":1.0},"metallic":1.0,"name":"TSP-TM-B2-17","nor_map":null,"roughness":0.5},"7FE3A393-1C0B-43e3-BC00-899A42010C9A":{"alphamode":0,"base_map":null,"color":{"a":1.0,"b":0.0,"g":0.0,"r":0.0},"metallic":1.0,"name":"黑色","nor_map":null,"roughness":0.5},"834A2D5A-E5B8-4fe5-BB95-B3679CEBAE58":{"alphamode":0,"base_map":"png/22.png","color":{"a":1.0,"b":1.0,"g":1.0,"r":1.0},"metallic":1.0,"name":"TSP-TM-B2-37","nor_map":null,"roughness":0.5},"844D744F-48B6-4a1d-8B20-8B381E2E191B":{"alphamode":0,"base_map":"png/45.png","color":{"a":1.0,"b":1.0,"g":1.0,"r":1.0},"metallic":1.0,"name":"TSP-XG-B2-30甲","nor_map":null,"roughness":0.5},"845DF04D-59C8-4637-9BF7-22DDA3822448":{"alphamode":0,"base_map":null,"color":{"a":1.0,"b":0.9450980424880981,"g":0.9058823585510254,