{"38B13363-C121-41ff-AEC3-AE292F1155CF":{"alphamode":0,"base_map":null,"color":{"a":0.0,"b":1.0,"g":1.0,"r":1.0},"metallic":1.0,"name":"渲染材质 255-255-255","nor_map":null,"roughness":1.0},"3D2150C1-37C1-40ba-A7E0-F9F154779DDE":{"alphamode":0,"base_map":null,"color":{"a":0.0,"b":0.47058823704719543,"g":0.47058823704719543,"r":0.47058823704719543},"metallic":1.0,"name":"不锈钢","nor_map":null,"roughness":1.0},"7A44D7EB-46D4-4e48-B977-028A1C63ED35":{"alphamode":0,"base_map":null,"color":{"a":0.0,"b":0.09019608050584793,"g":0.10588235408067703,"r":0.8352941274642944},"metallic":1.0,"name":"内外涂环氧复合钢管","nor_map":null,"roughness":1.0},"8A39D186-7655-4860-A644-6BA9D85F7A7B":{"alphamode":2,"base_map":null,"color":{"a":1.0,"b":0.8999999761581421,"g":0.8999999761581421,"r":0.8999999761581421},"metallic":1.0,"name":"空气","nor_map":null,"roughness":0.5199999809265137},"B2230595-75FF-4338-A5C6-7863B1148B78":{"alphamode":0,"base_map":null,"color":{"a":0.0,"b":0.0,"g":0.0,"r":0.4901960790157318},"metallic":1.0,"name":"金属-暗红","nor_map":null,"roughness":1.0},"D4312596-1EE1-4b6d-805A-3C682B1BC90D":{"alphamode":2,"base_map":null,"color":{"a":0.25,"b":1.0,"g":0.0,"r":0.0},"metallic":1.0,"name":"玻璃","nor_map":null,"roughness":1.0},"E38FD072-62F7-4bbe-A62C-67EC4A3D1129":{"alphamode":0,"base_map":null,"color":{"a":0.0,"b":0.49803921580314636,"g":0.49803921580314636,"r":0.49803921580314636},"metallic":1.0,"name":"MaterialNode_8355711_0","nor_map":null,"roughness":1.0},"E7868428-9854-420e-B47C-CD04ADACCF48":{"alphamode":0,"base_map":"png/0.png","color":{"a":1.0,"b":0.501960813999176,"g":0.48627451062202454,"r":0.45098039507865906},"metallic":1.0,"name":"玻化砖","nor_map":null,"roughness":1.0},"EEDA3639-7A2C-4cc7-B82E-31A42E54E9AD":{"alphamode":0,"base_map":"png/1.png","color":{"a":1.0,"b":0.9854856133460999,"g":0.9856501817703247,"r":0.9856458902359009},"metallic":1.0,"name":"文字-白","nor_map":null,"roughness":0.22540000081062317},"F227866F-0A67-43f8-95C7-12BF0DDCFB1B":{"alphamode":0,"base_map":null,"color":{"a":0.0,"b":0.03529411926865578,"g":0.03529411926865578,"r":0.03529411926865578},"metallic":1.0,"name":"花岗石","nor_map":null,"roughness":1.0},"F2AE6927-132A-45ee-BC0D-C1686E7E4033":{"alphamode":0,"base_map":null,"color":{"a":1.0,"b":1.0,"g":1.0,"r":1.0},"metallic":1.0,"name":"01-白色铝板","nor_map":null,"roughness":0.41999998688697815}}