{"0004D179-CF62-44e7-B46A-00742DFB25A1":{"alphamode":0,"base_map":null,"color":{"a":0.0,"b":0.7529411911964417,"g":0.7529411911964417,"r":0.7529411911964417},"metallic":1.0,"name":"Gomma","nor_map":null,"roughness":1.0},"00C18296-8966-4bd5-A747-6922E1DE778D":{"alphamode":0,"base_map":"png/3.png","color":{"a":1.0,"b":0.8925338983535767,"g":0.8958778381347656,"r":0.8969359993934631},"metallic":1.0,"name":"天花板 - 扣板 600 x 1200mm","nor_map":null,"roughness":1.0},"237014BA-FFE6-4df9-9E41-440122C34286":{"alphamode":0,"base_map":null,"color":{"a":0.0,"b":0.9686274528503418,"g":0.9686274528503418,"r":0.9686274528503418},"metallic":1.0,"name":"金属 - 钢","nor_map":null,"roughness":1.0},"36A396F7-1786-4a17-BA20-48D315B941E7":{"alphamode":2,"base_map":null,"color":{"a":0.15000000596046448,"b":0.9372549057006836,"g":0.9411764740943909,"r":0.9254902005195618},"metallic":1.0,"name":"玻璃","nor_map":null,"roughness":1.0},"77D0142C-BAD0-4dab-8B47-62EECDE81919":{"alphamode":0,"base_map":"png/1.png","color":{"a":1.0,"b":0.6865993738174438,"g":0.6927269697189331,"r":0.708800196647644},"metallic":1.0,"name":"花岗岩，挖方，抛光","nor_map":null,"roughness":0.20000000298023224},"830944CD-5F99-4c78-8AF8-B64192407DA6":{"alphamode":0,"base_map":null,"color":{"a":0.0,"b":0.49803921580314636,"g":0.49803921580314636,"r":0.49803921580314636},"metallic":1.0,"name":"MaterialNode_8355711_0","nor_map":null,"roughness":1.0},"880C364B-E21D-438a-8165-D443D227A0D0":{"alphamode":0,"base_map":null,"color":{"a":0.0,"b":0.47058823704719543,"g":0.47058823704719543,"r":0.47058823704719543},"metallic":1.0,"name":"不锈钢","nor_map":null,"roughness":1.0},"8F0556CD-84D1-4b88-BAF0-CA0D5A96CA33":{"alphamode":0,"base_map":"png/0.png","color":{"a":1.0,"b":0.501960813999176,"g":0.501960813999176,"r":0.501960813999176},"metallic":1.0,"name":"地砖 - 600 x 600","nor_map":null,"roughness":0.15000000596046448},"95B68FAA-036F-49b9-9082-C8079E77A5E7":{"alphamode":0,"base_map":null,"color":{"a":0.0,"b":0.9372549057006836,"g":0.9372549057006836,"r":0.9254902005195618},"metallic":1.0,"name":"金属 - 不锈钢，抛光","nor_map":null,"roughness":1.0},"9BBD8D3B-7DDC-479f-9701-89BF00757439":{"alphamode":0,"base_map":"png/2.png","color":{"a":0.0,"b":0.8588235378265381,"g":0.8627451062202454,"r":0.9490196108818054},"metallic":1.0,"name":"内墙_页岩空心砖","nor_map":null,"roughness":1.0},"E9726827-F5F0-4e37-B2F2-C7B654A0CE28":{"alphamode":0,"base_map":"png/4.png","color":{"a":1.0,"b":1.0,"g":1.0,"r":1.0},"metallic":1.0,"name":"H-穿孔吸声石膏板600 x 600","nor_map":null,"roughness":1.0}}