{"2F0430F4-5575-41fe-A134-334E25F3B614":{"alphamode":0,"base_map":null,"color":{"a":1.0,"b":0.13333334028720856,"g":0.13333334028720856,"r":0.13333334028720856},"metallic":1.0,"name":"扶手带入口-黑塑料","nor_map":null,"roughness":0.22540335357189178},"3FE9E046-2B77-481a-B651-FCA0DDD2BABD":{"alphamode":2,"base_map":null,"color":{"a":0.10000000149011612,"b":0.09803921729326248,"g":0.09803921729326248,"r":0.7490196228027344},"metallic":1.0,"name":"龙头急停按钮-红塑料","nor_map":null,"roughness":1.0},"6023A841-3BA7-4972-973A-A5F69B1A7EFE":{"alphamode":0,"base_map":null,"color":{"a":1.0,"b":0.3149999976158142,"g":0.3149999976158142,"r":0.3149999976158142},"metallic":1.0,"name":"白色塑料","nor_map":null,"roughness":0.5},"64C3FCBE-0ECB-4ff9-9469-F7B990105FD9":{"alphamode":0,"base_map":null,"color":{"a":1.0,"b":0.9529412388801575,"g":0.9529412388801575,"r":0.9529412388801575},"metallic":1.0,"name":"龙头急停按钮-白贴纸","nor_map":null,"roughness":0.22540335357189178},"6C50F9D6-26E1-4dfa-B33D-906A3F8E827B":{"alphamode":0,"base_map":null,"color":{"a":1.0,"b":0.7843137979507446,"g":0.7843137979507446,"r":0.7843137979507446},"metallic":1.0,"name":"护壁板-不锈钢304","nor_map":null,"roughness":0.2928932309150696},"916A5D4B-1BD9-48ba-AC61-932F9CADC407":{"alphamode":2,"base_map":null,"color":{"a":0.15000000596046448,"b":0.09803921729326248,"g":0.8980392217636108,"r":0.8980392217636108},"metallic":1.0,"name":"龙头急停按钮-黄塑料","nor_map":null,"roughness":1.0},"CE57E073-D6A8-4479-BA36-B69CD14F6ECC":{"alphamode":0,"base_map":null,"color":{"a":0.0,"b":0.7254902124404907,"g":0.7333333492279053,"r":0.7411764860153198},"metallic":1.0,"name":"梯级-黑色铝","nor_map":null,"roughness":1.0}}