{"036D4B75-F1E5-40ef-8B2E-B611A7285773":{"alphamode":0,"base_map":"png/1.png","color":{"a":1.0,"b":0.9854856133460999,"g":0.9856501817703247,"r":0.9856458902359009},"metallic":1.0,"name":"白色塑料","nor_map":null,"roughness":0.22540000081062317},"0A96E0F1-3014-4211-878E-1C5A3B43592C":{"alphamode":0,"base_map":null,"color":{"a":1.0,"b":0.0,"g":0.7764706015586853,"r":0.7764706015586853},"metallic":1.0,"name":"导向轮-HT250警示黄","nor_map":null,"roughness":0.5},"1E507AD0-C027-4317-A078-0015CC32B130":{"alphamode":0,"base_map":null,"color":{"a":1.0,"b":0.9803921580314636,"g":0.9803921580314636,"r":0.9803921580314636},"metallic":1.0,"name":"黑色","nor_map":null,"roughness":0.5},"24F288CE-AE68-4e7a-B2A4-779400903A85":{"alphamode":0,"base_map":null,"color":{"a":1.0,"b":0.7686274647712708,"g":0.7411764860153198,"r":0.7254902124404907},"metallic":1.0,"name":"白色","nor_map":null,"roughness":0.5},"26A3B95D-AA6A-4a87-BE80-FDE966801438":{"alphamode":0,"base_map":null,"color":{"a":0.0,"b":0.0,"g":0.0,"r":0.0},"metallic":1.0,"name":"塑料","nor_map":null,"roughness":1.0},"27F50A42-5BAD-4eb7-8278-91D37B36BC54":{"alphamode":0,"base_map":null,"color":{"a":0.0,"b":1.0,"g":0.0,"r":0.0},"metallic":1.0,"name":"渲染材质 0-0-255","nor_map":null,"roughness":1.0},"2F0430F4-5575-41fe-A134-334E25F3B614":{"alphamode":0,"base_map":null,"color":{"a":1.0,"b":0.13333334028720856,"g":0.13333334028720856,"r":0.13333334028720856},"metallic":1.0,"name":"扶手带入口-黑塑料","nor_map":null,"roughness":0.22540335357189178},"34A961C3-C72A-4732-AC48-130C43D9E83C":{"alphamode":0,"base_map":null,"color":{"a":1.0,"b":0.49803921580314636,"g":0.49803921580314636,"r":0.49803921580314636},"metallic":1.0,"name":"127-127-127","nor_map":null,"roughness":0.5},"38B13363-C121-41ff-AEC3-AE292F1155CF":{"alphamode":0,"base_map":null,"color":{"a":0.0,"b":1.0,"g":1.0,"r":1.0},"metallic":1.0,"name":"渲染材质 255-255-255","nor_map":null,"roughness":1.0},"4DB03606-A379-499c-AB67-9CBABE3C8F25":{"alphamode":0,"base_map":null,"color":{"a":1.0,"b":1.0,"g":0.6666666865348816,"r":0.6666666865348816},"metallic":1.0,"name":"平层装置-永磁感应继电器","nor_map":null,"roughness":0.5},"5B10AC41-D443-4bc7-921B-CC1352147F2E":{"alphamode":0,"base_map":null,"color":{"a":0.0,"b":1.0,"g":0.6666666865348816,"r":0.6666666865348816},"metallic":1.0,"name":"淡蓝","nor_map":null,"roughness":1.0},"5D9F8A06-6826-409c-BD7B-F385CE309D78":{"alphamode":0,"base_map":"png/2.png","color":{"a":1.0,"b":0.9854856133460999,"g":0.9856501817703247,"r":0.9856458902359009},"metallic":1.0,"name":"塑料PVC","nor_map":null,"roughness":0.22540000081062317},"6023A841-3BA7-4972-973A-A5F69B1A7EFE":{"alphamode":0,"base_map":null,"color":{"a":1.0,"b":0.3149999976158142,"g":0.3149999976158142,"r":0.3149999976158142},"metallic":1.0,"name":"白色塑料","nor_map":null,"roughness":0.5},"64C3FCBE-0ECB-4ff9-9469-F7B990105FD9":{"alphamode":0,"base_map":null,"color":{"a":1.0,"b":0.9529412388801575,"g":0.9529412388801575,"r":0.9529412388801575},"metallic":1.0,"name":"龙头急停按钮-白贴纸","nor_map":null,"roughness":0.22540335357189178},"6A6E56BC-2952-4f94-9902-545A2DB36F4E":{"alphamode":0,"base_map":null,"color":{"a":0.0,"b":0.0,"g":1.0,"r":0.0},"metallic":1.0,"name":"绿","nor_map":null,"roughness":1.0},"75E53E62-AA74-4c03-B058-CE5F8A0371EE":{"alphamode":0,"base_map":"png/0.png","color":{"a":0.0,"b":0.9254902005195618,"g":0.9137254953384399,"r":0.9019607901573181},"metallic":1.0,"name":"喷塑钢板","nor_map":null,"roughness":1.0},"8695E22A-7915-4c42-A76C-C34028A771B5":{"alphamode":0,"base_map":null,"color":{"a":1.0,"b":0.27450981736183167,"g":0.27450981736183167,"r":0.27450981736183167},"metallic":1.0,"name":"215-215-215","nor_map":null,"roughness":0.5},"8C8B89EE-F032-49dc-8690-C79AFD4B81C3":{"alphamode":0,"base_map":null,"color":{"a":1.0,"b":0.8118179440498352,"g":0.812335729598999,"r":0.8123263716697693},"metallic":1.0,"name":"白色","nor_map":null,"roughness":1.0},"8F646F47-F638-4719-878A-A4677633595C":{"alphamode":0,"base_map":null,"color":{"a":1.0,"b":0.843137264251709,"g":0.9607843160629272,"r":0.9607843160629272},"metallic":1.0,"name":"平层装置-金属隔磁板","nor_map":null,"roughness":0.5},"917DB7CB-54E5-418a-8DD5-98CFF3AAF073":{"alphamode":0,"base_map":null,"color":{"a":0.0,"b":0.8823529481887817,"g":0.9411764740943909,"r":0.9411764740943909},"metallic":1.0,"name":"240-240-225","nor_map":null,"roughness":1.0},"943C3D25-A1F2-44ed-9BC2-13813FD1BF1B":{"alphamode":0,"base_map":null,"color":{"a":0.0,"b":0.1725490242242813,"g":0.1725490242242813,"r":0.1725490242242813},"metallic":1.0,"name":"64_64_64","nor_map":null,"roughness":1.0},"B221F9EB-D9AD-4e1b-9DB2-1CC908BDA66B":{"alphamode":0,"base_map":null,"color":{"a":1.0,"b":0.0,"g":0.0,"r":1.0},"metallic":1.0,"name":"银白金属","nor_map":null,"roughness":0.5},"B89C0707-39DF-4a9e-8AD1-89B2EFC1B55C":{"alphamode":0,"base_map":null,"color":{"a":0.0,"b":0.9411764740943909,"g":0.9411764740943909,"r":0.9019607901573181},"metallic":1.0,"name":"230-240-240","nor_map":null,"roughness":1.0},"BBC5E2C0-AD35-49f7-99E1-90E671C6C70F":{"alphamode":0,"base_map":null,"color":{"a":1.0,"b":0.8784313797950745,"g":0.9450980424880981,"r":0.9450980424880981},"metallic":1.0,"name":"241-241-224","nor_map":null,"roughness":0.5},"BCBB6E6A-EE77-43c6-A0D2-C6271136D9E6":{"alphamode":0,"base_map":null,"color":{"a":0.0,"b":0.0,"g":0.49803921580314636,"r":1.0},"metallic":1.0,"name":"渲染材质 255-127-0","nor_map":null,"roughness":1.0},"C1EC9D91-992F-4b24-87B7-C521E783BDDD":{"alphamode":2,"base_map":null,"color":{"a":1.0,"b":0.3149999976158142,"g":0.3149999976158142,"r":0.3149999976158142},"metallic":1.0,"name":"二维码模块","nor_map":null,"roughness":0.5},"C5DFAA5A-245A-4db7-BAD5-3D3925BD1949":{"alphamode":0,"base_map":null,"color":{"a":1.0,"b":0.13725490868091583,"g":0.13725490868091583,"r":0.13725490868091583},"metallic":1.0,"name":"平层装置-平层开关","nor_map":null,"roughness":0.5},"CD2F7785-1107-4f1e-BC63-2596BFE05CA4":{"alphamode":0,"base_map":null,"color":{"a":1.0,"b":0.8588235378265381,"g":0.8745098114013672,"r":0.8784313797950745},"metallic":1.0,"name":"天蓝色金属外壳","nor_map":null,"roughness":0.800000011920929},"CE57E073-D6A8-4479-BA36-B69CD14F6ECC":{"alphamode":0,"base_map":null,"color":{"a":0.0,"b":0.7254902124404907,"g":0.7333333492279053,"r":0.7411764860153198},"metallic":1.0,"name":"梯级-黑色铝","nor_map":null,"roughness":1.0},"D2E908B2-7299-4320-9100-AAB0D70241BF":{"alphamode":2,"base_map":null,"color":{"a":0.15000000596046448,"b":0.8784313797950745,"g":0.8901960849761963,"r":0.8549019694328308},"metallic":1.0,"name":"玻璃\\透明","nor_map":null,"roughness":1.0},"D4312596-1EE1-4b6d-805A-3C682B1BC90D":{"alphamode":2,"base_map":null,"color":{"a":0.25,"b":1.0,"g":0.0,"r":0.0},"metallic":1.0,"name":"玻璃","nor_map":null,"roughness":1.0},"D674883D-B6FE-40c2-96CD-798AB8AB3CCB":{"alphamode":0,"base_map":null,"color":{"a":1.0,"b":0.7529411911964417,"g":0.7529411911964417,"r":0.7529411911964417},"metallic":1.0,"name":"透明塑料","nor_map":null,"roughness":0.5},"D9018167-E736-475a-A9AC-31EB7CF287A9":{"alphamode":0,"base_map":null,"color":{"a":1.0,"b":0.22745098173618317,"g":0.22745098173618317,"r":0.22745098173618317},"metallic":1.0,"name":"黑色塑料","nor_map":null,"roughness":0.5},"DBAFD26C-6379-476e-B130-C17FDBE10DE6":{"alphamode":0,"base_map":null,"color":{"a":1.0,"b":0.0,"g":0.0,"r":0.0},"metallic":1.0,"name":"JR","nor_map":null,"roughness":0.5},"DDEB2DE5-7412-4065-96D8-8375C2F711E7":{"alphamode":0,"base_map":null,"color":{"a":0.0,"b":0.0,"g":0.0,"r":1.0},"metallic":1.0,"name":"贴膜-红色","nor_map":null,"roughness":1.0},"E38FD072-62F7-4bbe-A62C-67EC4A3D1129":{"alphamode":0,"base_map":null,"color":{"a":0.0,"b":0.49803921580314636,"g":0.49803921580314636,"r":0.49803921580314636},"metallic":1.0,"name":"MaterialNode_8355711_0","nor_map":null,"roughness":1.0},"EA9F6FCC-6318-4647-8704-8E8BE285C18A":{"alphamode":0,"base_map":null,"color":{"a":1.0,"b":0.6078431606292725,"g":0.9058823585510254,"r":1.0},"metallic":1.0,"name":"255-231-155","nor_map":null,"roughness":0.5},"F99FB77E-E8C0-4b62-91E0-E250CD4A0AB4":{"alphamode":0,"base_map":null,"color":{"a":0.0,"b":0.0,"g":1.0,"r":1.0},