{"028CB58C-E2B5-4f25-8E33-AA10C093CD88":{"alphamode":0,"base_map":"png/1.png","color":{"a":1.0,"b":0.8745098114013672,"g":0.8745098114013672,"r":0.8745098114013672},"metallic":1.0,"name":"灰麻花岗岩","nor_map":null,"roughness":0.45227745175361633},"0FCFD69C-1B71-47ba-ACC3-4CB72D492352":{"alphamode":0,"base_map":null,"color":{"a":0.0,"b":0.9725490212440491,"g":0.9843137264251709,"r":0.9882352948188782},"metallic":1.0,"name":"瓷，象牙白","nor_map":null,"roughness":1.0},"26A3B95D-AA6A-4a87-BE80-FDE966801438":{"alphamode":0,"base_map":null,"color":{"a":0.0,"b":0.0,"g":0.0,"r":0.0},"metallic":1.0,"name":"塑料","nor_map":null,"roughness":1.0},"38B13363-C121-41ff-AEC3-AE292F1155CF":{"alphamode":0,"base_map":null,"color":{"a":0.0,"b":1.0,"g":1.0,"r":1.0},"metallic":1.0,"name":"渲染材质 255-255-255","nor_map":null,"roughness":1.0},"3D2150C1-37C1-40ba-A7E0-F9F154779DDE":{"alphamode":0,"base_map":null,"color":{"a":0.0,"b":0.47058823704719543,"g":0.47058823704719543,"r":0.47058823704719543},"metallic":1.0,"name":"不锈钢","nor_map":null,"roughness":1.0},"3DB6F242-DDDE-47eb-B3B9-8F241749359D":{"alphamode":0,"base_map":null,"color":{"a":1.0,"b":1.0,"g":1.0,"r":1.0},"metallic":1.0,"name":"模型文字-白","nor_map":null,"roughness":0.5},"491B9844-6651-41b1-BA0A-79A8648154C5":{"alphamode":0,"base_map":"png/0.png","color":{"a":1.0,"b":0.8925338983535767,"g":0.8958778381347656,"r":0.8969359993934631},"metallic":1.0,"name":"预制水磨石","nor_map":null,"roughness":1.0},"4BC92CB3-784F-4624-9F91-2ED3B98B732A":{"alphamode":0,"base_map":null,"color":{"a":1.0,"b":0.7529411911964417,"g":0.501960813999176,"r":1.0},"metallic":1.0,"name":"TSP-TQ-B2-02","nor_map":null,"roughness":0.5},"5B5F9B18-A49A-4672-967A-A8FFD81AEC0D":{"alphamode":0,"base_map":null,"color":{"a":1.0,"b":0.9450980424880981,"g":0.9058823585510254,"r":0.9098039269447327},"metallic":1.0,"name":"乳白色","nor_map":null,"roughness":0.4000000059604645},"6023A841-3BA7-4972-973A-A5F69B1A7EFE":{"alphamode":0,"base_map":null,"color":{"a":1.0,"b":0.3149999976158142,"g":0.3149999976158142,"r":0.3149999976158142},"metallic":1.0,"name":"白色塑料","nor_map":null,"roughness":0.5},"685164A8-75C5-4325-B3CF-ED22C05FC825":{"alphamode":0,"base_map":null,"color":{"a":1.0,"b":0.7921568751335144,"g":0.3960784375667572,"r":0.0},"metallic":1.0,"name":"可回收物","nor_map":null,"roughness":0.5},"7F3B14A3-9A06-46ef-A496-A6086748FCF3":{"alphamode":0,"base_map":null,"color":{"a":0.0,"b":0.9411764740943909,"g":0.9411764740943909,"r":0.9411764740943909},"metallic":1.0,"name":"D.拉丝不锈钢","nor_map":null,"roughness":1.0},"8822C6DF-2509-4f87-B4B8-DF93F0067010":{"alphamode":0,"base_map":"png/2.png","color":{"a":1.0,"b":0.7333333492279053,"g":0.7333333492279053,"r":0.7333333492279053},"metallic":1.0,"name":"01-拉丝不锈钢","nor_map":null,"roughness":0.46875},"88E2719F-E900-4de8-BEC3-18E2F929E3D9":{"alphamode":0,"base_map":null,"color":{"a":1.0,"b":0.7318977117538452,"g":0.7319303750991821,"r":0.7319260835647583},"metallic":1.0,"name":"卫生间瓷砖_300x600","nor_map":null,"roughness":0.051316700875759125},"8A39D186-7655-4860-A644-6BA9D85F7A7B":{"alphamode":2,"base_map":null,"color":{"a":1.0,"b":0.8999999761581421,"g":0.8999999761581421,"r":0.8999999761581421},"metallic":1.0,"name":"空气","nor_map":null,"roughness":0.5199999809265137},"99A4916D-CE46-40a5-8135-717A59D810C9":{"alphamode":0,"base_map":null,"color":{"a":1.0,"b":0.0,"g":0.501960813999176,"r":1.0},"metallic":1.0,"name":"01-橙色铝合金板","nor_map":null,"roughness":0.5},"A41449CC-0006-410a-A2A0-B2396855137A":{"alphamode":2,"base_map":null,"color":{"a":0.15000000596046448,"b":0.9372549057006836,"g":0.9411764740943909,"r":0.9254902005195618},"metallic":1.0,"name":"玻璃","nor_map":null,"roughness":1.0},"B624CE30-76AA-47d5-8CAB-FF80B05243ED":{"alphamode":0,"base_map":null,"color":{"a":0.0,"b":0.6980392336845398,"g":0.7490196228027344,"r":0.6980392336845398},"metallic":1.0,"name":"镜子","nor_map":null,"roughness":1.0},"BFE054A4-1D35-4a97-8C8A-AD6E4B150C3F":{"alphamode":0,"base_map":null,"color":{"a":0.0,"b":0.06666667014360428,"g":0.06666667014360428,"r":0.06666667014360428},"metallic":1.0,"name":"踢脚线","nor_map":null,"roughness":1.0},"CE57E073-D6A8-4479-BA36-B69CD14F6ECC":{"alphamode":0,"base_map":null,"color":{"a":0.0,"b":0.7254902124404907,"g":0.7333333492279053,"r":0.7411764860153198},"metallic":1.0,"name":"梯级-黑色铝","nor_map":null,"roughness":1.0},"DBAFD26C-6379-476e-B130-C17FDBE10DE6":{"alphamode":0,"base_map":null,"color":{"a":1.0,"b":0.0,"g":0.0,"r":0.0},"metallic":1.0,"name":"JR","nor_map":null,"roughness":0.5},"DE3EC0D9-29F3-4e52-8405-D5CF65BDD8B5":{"alphamode":0,"base_map":null,"color":{"a":1.0,"b":0.6274510025978088,"g":0.0,"r":0.0},"metallic":1.0,"name":"TSP-TQ-B2-49","nor_map":null,"roughness":1.0},"E0FD3A09-59A4-4c8e-A150-98D42F122356":{"alphamode":0,"base_map":null,"color":{"a":1.0,"b":0.6941176652908325,"g":0.7764706015586853,"r":0.7960784435272217},"metallic":1.0,"name":"防滑地砖","nor_map":null,"roughness":1.0},"E38FD072-62F7-4bbe-A62C-67EC4A3D1129":{"alphamode":0,"base_map":null,"color":{"a":0.0,"b":0.49803921580314636,"g":0.49803921580314636,"r":0.49803921580314636},"metallic":1.0,"name":"MaterialNode_8355711_0","nor_map":null,"roughness":1.0},"F227866F-0A67-43f8-95C7-12BF0DDCFB1B":{"alphamode":0,"base_map":null,"color":{"a":0.0,"b":0.03529411926865578,"g":0.03529411926865578,"r":0.03529411926865578},"metallic":1.0,"name":"花岗石","nor_map":null,"roughness":1.0},"F2AE6927-132A-45ee-BC0D-C1686E7E4033":{"alphamode":0,"base_map":null,"color":{"a":1.0,"b":1.0,"g":1.0,"r":1.0},"metallic":1.0,"name":"01-白色铝板","nor_map":null,"roughness":0.41999998688697815},"F8EF9F49-439B-4344-94AC-9C2C4B8A2730":{"alphamode":0,"base_map":null,"color":{"a":1.0,"b":0.0,"g":0.501960813999176,"r":0.0},"metallic":1.0,"name":"01-导向绿色","nor_map":null,"roughness":0.5}}