{"0724EE30-9CD9-4fa6-AD3D-B52B20AFE8FB":{"alphamode":0,"base_map":null,"color":{"a":1.0,"b":0.7686274647712708,"g":0.7411764860153198,"r":0.7254902124404907},"metallic":1.0,"name":"白色","nor_map":null,"roughness":0.5},"0BF98838-98FB-43ff-8A85-22816CDD888F":{"alphamode":0,"base_map":null,"color":{"a":1.0,"b":1.0,"g":0.6666666865348816,"r":0.6666666865348816},"metallic":1.0,"name":"平层装置-永磁感应继电器","nor_map":null,"roughness":0.5},"0D9522C7-D4E9-4ccf-A62F-CD1AAFDE7C93":{"alphamode":0,"base_map":null,"color":{"a":1.0,"b":0.49803921580314636,"g":0.49803921580314636,"r":0.49803921580314636},"metallic":1.0,"name":"127-127-127","nor_map":null,"roughness":0.5},"11EF33D4-C85A-4dbd-9ACD-0595DE7BF133":{"alphamode":0,"base_map":null,"color":{"a":1.0,"b":0.0,"g":0.7764706015586853,"r":0.7764706015586853},"metallic":1.0,"name":"导向轮-HT250警示黄","nor_map":null,"roughness":0.5},"14CE56E7-CA61-4306-ABDD-193443AB2A48":{"alphamode":0,"base_map":null,"color":{"a":0.0,"b":0.0,"g":0.0,"r":1.0},"metallic":1.0,"name":"渲染材质 255-255-255(1)","nor_map":null,"roughness":1.0},"151D6D91-DB47-4dd9-B181-09AB23C671ED":{"alphamode":0,"base_map":null,"color":{"a":1.0,"b":0.9529412388801575,"g":0.9529412388801575,"r":0.9529412388801575},"metallic":1.0,"name":"导向标识","nor_map":null,"roughness":0.22540335357189178},"1A15BE14-7989-4eed-87B6-6A69EDA13E66":{"alphamode":0,"base_map":null,"color":{"a":0.0,"b":0.0,"g":1.0,"r":1.0},"metallic":1.0,"name":"渲染材质 255-255-0","nor_map":null,"roughness":1.0},"1B3EFE02-4EC1-4682-A3C0-1B3C54990EA4":{"alphamode":0,"base_map":null,"color":{"a":1.0,"b":0.6078431606292725,"g":0.9058823585510254,"r":1.0},"metallic":1.0,"name":"255-231-155","nor_map":null,"roughness":0.5},"2092CC0D-9496-4bf0-BF95-7626A233CB43":{"alphamode":0,"base_map":null,"color":{"a":1.0,"b":0.9803921580314636,"g":0.9803921580314636,"r":0.9803921580314636},"metallic":1.0,"name":"黑色","nor_map":null,"roughness":0.5},"27678DAB-FBD7-46e4-A22B-EFB8079177FB":{"alphamode":0,"base_map":null,"color":{"a":0.0,"b":0.0,"g":1.0,"r":0.0},"metallic":1.0,"name":"绿","nor_map":null,"roughness":1.0},"2A2BFE45-E764-42f5-A03D-1EECCF7E0D25":{"alphamode":0,"base_map":null,"color":{"a":1.0,"b":0.8118179440498352,"g":0.812335729598999,"r":0.8123263716697693},"metallic":1.0,"name":"白色","nor_map":null,"roughness":1.0},"2C4C4BC1-4DA6-48dc-ABAA-44B31A739C2A":{"alphamode":0,"base_map":null,"color":{"a":0.0,"b":1.0,"g":0.0,"r":0.0},"metallic":1.0,"name":"渲染材质 0-0-255","nor_map":null,"roughness":1.0},"3284964F-C5B4-4c5d-9542-9EB51F4C6D3C":{"alphamode":0,"base_map":null,"color":{"a":0.0,"b":0.8823529481887817,"g":0.9411764740943909,"r":0.9411764740943909},"metallic":1.0,"name":"240-240-225","nor_map":null,"roughness":1.0},"39A0D1D9-6A93-4bf3-956A-1B2F66B182B9":{"alphamode":2,"base_map":null,"color":{"a":0.25,"b":1.0,"g":0.0,"r":0.0},"metallic":1.0,"name":"玻璃\\半透明","nor_map":null,"roughness":1.0},"40E96BFC-5A31-43f5-9061-FC5AEF9F2548":{"alphamode":0,"base_map":null,"color":{"a":0.0,"b":0.1725490242242813,"g":0.1725490242242813,"r":0.1725490242242813},"metallic":1.0,"name":"64_64_64","nor_map":null,"roughness":1.0},"52FA81F5-DED4-4324-B0A2-1A26D7ED89C1":{"alphamode":0,"base_map":null,"color":{"a":1.0,"b":0.8784313797950745,"g":0.9450980424880981,"r":0.9450980424880981},"metallic":1.0,"name":"241-241-224","nor_map":null,"roughness":0.5},"53E3E8CB-B31E-4a77-A9ED-3859FFDB0C2A":{"alphamode":0,"base_map":null,"color":{"a":1.0,"b":0.6509804129600525,"g":0.8470588326454163,"r":1.0},"metallic":1.0,"name":"255-215-166","nor_map":null,"roughness":0.5},"5D836522-9D6E-45ae-B788-EC0BE02E18B0":{"alphamode":0,"base_map":null,"color":{"a":0.0,"b":0.7254902124404907,"g":0.7333333492279053,"r":0.7411764860153198},"metallic":1.0,"name":"SUS304","nor_map":null,"roughness":1.0},"625164B7-2083-42d8-A365-C519C935B207":{"alphamode":0,"base_map":null,"color":{"a":1.0,"b":0.0,"g":0.0,"r":0.0},"metallic":1.0,"name":"黑色","nor_map":null,"roughness":0.5},"65664909-0A5A-4267-850E-2A1374A086F9":{"alphamode":0,"base_map":null,"color":{"a":1.0,"b":0.8588235378265381,"g":0.8745098114013672,"r":0.8784313797950745},"metallic":1.0,"name":"天蓝色金属外壳","nor_map":null,"roughness":0.800000011920929},"65C1D2FE-D086-4ff2-A5DE-369242CC0624":{"alphamode":0,"base_map":null,"color":{"a":1.0,"b":0.843137264251709,"g":0.9607843160629272,"r":0.9607843160629272},"metallic":1.0,"name":"平层装置-金属隔磁板","nor_map":null,"roughness":0.5},"6FC47BBA-CB42-4dc9-90FA-FC6193467320":{"alphamode":0,"base_map":null,"color":{"a":0.0,"b":0.0,"g":0.49803921580314636,"r":1.0},"metallic":1.0,"name":"渲染材质 255-127-0","nor_map":null,"roughness":1.0},"8231B80D-5428-4f06-9A24-85FC8948100B":{"alphamode":0,"base_map":null,"color":{"a":1.0,"b":0.13725490868091583,"g":0.13725490868091583,"r":0.13725490868091583},"metallic":1.0,"name":"平层装置-平层开关","nor_map":null,"roughness":0.5},"830944CD-5F99-4c78-8AF8-B64192407DA6":{"alphamode":0,"base_map":null,"color":{"a":0.0,"b":0.49803921580314636,"g":0.49803921580314636,"r":0.49803921580314636},"metallic":1.0,"name":"MaterialNode_8355711_0","nor_map":null,"roughness":1.0},"855DABEE-155A-41a0-8BA0-EA5978835784":{"alphamode":0,"base_map":null,"color":{"a":0.0,"b":0.9411764740943909,"g":0.9411764740943909,"r":0.9019607901573181},"metallic":1.0,"name":"230-240-240","nor_map":null,"roughness":1.0},"88953B17-D389-47d2-9907-E4E0872326A4":{"alphamode":0,"base_map":null,"color":{"a":0.0,"b":1.0,"g":1.0,"r":1.0},"metallic":1.0,"name":"渲染材质 255-255-255","nor_map":null,"roughness":1.0},"901742E1-AABB-40dd-83F5-C6A2EE7A4ADA":{"alphamode":0,"base_map":null,"color":{"a":0.0,"b":0.0,"g":0.0,"r":0.0},"metallic":1.0,"name":"塑料","nor_map":null,"roughness":1.0},"95AD836B-6404-46c1-8DE9-20BAF5E88C13":{"alphamode":0,"base_map":"png/2.png","color":{"a":1.0,"b":0.9854856133460999,"g":0.9856501817703247,"r":0.9856458902359009},"metallic":1.0,"name":"塑料PVC","nor_map":null,"roughness":0.22540000081062317},"972885F5-B7BB-4fc0-A82F-62B637C1E35B":{"alphamode":2,"base_map":null,"color":{"a":1.0,"b":0.3149999976158142,"g":0.3149999976158142,"r":0.3149999976158142},"metallic":1.0,"name":"二维码模块","nor_map":null,"roughness":0.5},"9CC9E74D-28A7-422c-94A5-69949E4120D6":{"alphamode":0,"base_map":null,"color":{"a":1.0,"b":0.27450981736183167,"g":0.27450981736183167,"r":0.27450981736183167},"metallic":1.0,"name":"215-215-215","nor_map":null,"roughness":0.5},"BCD11D8D-E6D8-4844-A805-CA88D2349292":{"alphamode":0,"base_map":null,"color":{"a":1.0,"b":0.7529411911964417,"g":0.7529411911964417,"r":0.7529411911964417},"metallic":1.0,"name":"透明塑料","nor_map":null,"roughness":0.5},"BEE063F4-B758-4d77-A5F3-DEE49CC89563":{"alphamode":0,"base_map":null,"color":{"a":1.0,"b":0.3149999976158142,"g":0.3149999976158142,"r":0.3149999976158142},"metallic":1.0,"name":"白色塑料","nor_map":null,"roughness":0.5},"C4565036-424A-483f-82FC-6CA2BEBB1C5A":{"alphamode":0,"base_map":null,"color":{"a":1.0,"b":0.22745098173618317,"g":0.22745098173618317,"r":0.22745098173618317},"metallic":1.0,"name":"黑色塑料","nor_map":null,"roughness":0.5},"C8FFC976-C4CB-4eb1-ACFE-DBBD142E903D":{"alphamode":0,"base_map":null,"color":{"a":1.0,"b":0.0,"g":0.0,"r":1.0},"metallic":1.0,"name":"银白金属","nor_map":null,"roughness":0.5},"CAEE8F6C-0DD5-4cbf-BC45-DADAC851C844":{"alphamode":0,"base_map":null,"color":{"a":0.0,"b":1.0,"g":0.6666666865348816,"r":0.6666666865348816},"metallic":1.0,"name":"淡蓝","nor_map":null,"roughness":1.0},"CE01D25F-DCEE-433e-ADD2-45D5DD06AE6A":{"alphamode":2,"base_map":null,"color":{"a":0.15000000596046448,"b":0.8784313797950745,"g":0.8901960849761963,"r":0.8549019694328308},"metallic":1.0,"name":"玻璃\\透明","nor_map":null,"roughness":1.0},"E7681474-63DD-4293-950E-4B52B572A72B":{"alphamode":0,"base_map":null,"color":{"a":1.0,"b":0.13333334028720856,"g":0.13333334028720856,"r":0.13333334028720856},"metallic":1.0,"name":"黑色铸铁","nor_map":null,"roughness":0.22540335357189178},"E7C12486-B00A-4794-B222-8A53A7522EFA":{"alphamode":0,"base_map":"png/0.png","color":{"a":0.0,"b":0.9254902005195618,"g":0.9137254953384399,"r":0.9019607901573181},"metallic":1.0,