{"0097EE54-0595-4395-A3E7-FA0ECF302ED4":{"alphamode":0,"base_map":null,"color":{"a":0.0,"b":0.9725490212440491,"g":0.9843137264251709,"r":0.9882352948188782},"metallic":1.0,"name":"瓷，象牙白","nor_map":null,"roughness":1.0},"281928B2-DFAA-47ef-8A48-7681EFCDEFC5":{"alphamode":0,"base_map":null,"color":{"a":0.0,"b":0.06666667014360428,"g":0.06666667014360428,"r":0.06666667014360428},"metallic":1.0,"name":"踢脚线","nor_map":null,"roughness":1.0},"2A05761B-BC9A-4ed6-94F6-5688A26960A5":{"alphamode":0,"base_map":"png/4.png","color":{"a":1.0,"b":0.28736060857772827,"g":0.2872846722602844,"r":0.2872890830039978},"metallic":1.0,"name":"水磨石","nor_map":null,"roughness":1.0},"39A0D1D9-6A93-4bf3-956A-1B2F66B182B9":{"alphamode":2,"base_map":null,"color":{"a":0.25,"b":1.0,"g":0.0,"r":0.0},"metallic":1.0,"name":"玻璃\\半透明","nor_map":null,"roughness":1.0},"3D3F94B8-8366-420c-A5B4-F2BCAF8F09A3":{"alphamode":0,"base_map":null,"color":{"a":1.0,"b":0.6941176652908325,"g":0.7764706015586853,"r":0.7960784435272217},"metallic":1.0,"name":"防滑地砖","nor_map":null,"roughness":1.0},"3D8D6EA6-171E-47ea-AAAC-EFCD647C551B":{"alphamode":0,"base_map":"png/5.png","color":{"a":0.0,"b":0.15294118225574493,"g":0.26274511218070984,"r":0.501960813999176},"metallic":1.0,"name":"柚木","nor_map":null,"roughness":1.0},"4641767C-C878-47a8-83E5-DAFA8B374C53":{"alphamode":0,"base_map":"png/0.png","color":{"a":1.0,"b":0.8925338983535767,"g":0.8958778381347656,"r":0.8969359993934631},"metallic":1.0,"name":"预制水磨石","nor_map":null,"roughness":1.0},"48705B41-108D-4516-B04E-FE83AB4BFB39":{"alphamode":0,"base_map":null,"color":{"a":0.0,"b":0.6980392336845398,"g":0.7490196228027344,"r":0.6980392336845398},"metallic":1.0,"name":"镜子","nor_map":null,"roughness":1.0},"5350881F-6310-4b7b-AEF3-35AFBB3D9268":{"alphamode":0,"base_map":null,"color":{"a":0.0,"b":0.9372549057006836,"g":0.9686274528503418,"r":0.9686274528503418},"metallic":1.0,"name":"瓷 - 象牙白","nor_map":null,"roughness":1.0},"5BDA1076-583D-4b37-95CE-69870BFEE954":{"alphamode":0,"base_map":null,"color":{"a":0.0,"b":0.09019608050584793,"g":0.10588235408067703,"r":0.8352941274642944},"metallic":1.0,"name":"内外涂环氧复合钢管","nor_map":null,"roughness":1.0},"5D836522-9D6E-45ae-B788-EC0BE02E18B0":{"alphamode":0,"base_map":null,"color":{"a":0.0,"b":0.7254902124404907,"g":0.7333333492279053,"r":0.7411764860153198},"metallic":1.0,"name":"SUS304","nor_map":null,"roughness":1.0},"65062FAA-A6DA-475c-B9DD-8A387270AA57":{"alphamode":0,"base_map":null,"color":{"a":0.0,"b":0.0,"g":0.0,"r":0.4901960790157318},"metallic":1.0,"name":"金属-暗红","nor_map":null,"roughness":1.0},"70FDDA46-41C7-4516-B7EA-6F81F668C26C":{"alphamode":0,"base_map":null,"color":{"a":1.0,"b":0.6901960968971252,"g":0.9843137264251709,"r":1.0},"metallic":1.0,"name":"卫生间墙面瓷砖","nor_map":null,"roughness":0.5},"830944CD-5F99-4c78-8AF8-B64192407DA6":{"alphamode":0,"base_map":null,"color":{"a":0.0,"b":0.49803921580314636,"g":0.49803921580314636,"r":0.49803921580314636},"metallic":1.0,"name":"MaterialNode_8355711_0","nor_map":null,"roughness":1.0},"880C364B-E21D-438a-8165-D443D227A0D0":{"alphamode":0,"base_map":null,"color":{"a":0.0,"b":0.47058823704719543,"g":0.47058823704719543,"r":0.47058823704719543},"metallic":1.0,"name":"不锈钢","nor_map":null,"roughness":1.0},"88953B17-D389-47d2-9907-E4E0872326A4":{"alphamode":0,"base_map":null,"color":{"a":0.0,"b":1.0,"g":1.0,"r":1.0},"metallic":1.0,"name":"渲染材质 255-255-255","nor_map":null,"roughness":1.0},"8F9AF2CF-1BF0-46f8-A3D2-1DCD9944AE9C":{"alphamode":0,"base_map":"png/7.png","color":{"a":1.0,"b":0.6865993738174438,"g":0.6927269697189331,"r":0.708800196647644},"metallic":1.0,"name":"公共区踢脚","nor_map":null,"roughness":0.45227745175361633},"95B68FAA-036F-49b9-9082-C8079E77A5E7":{"alphamode":0,"base_map":null,"color":{"a":0.0,"b":0.9372549057006836,"g":0.9372549057006836,"r":0.9254902005195618},"metallic":1.0,"name":"金属 - 不锈钢，抛光","nor_map":null,"roughness":1.0},"9E2B9C3C-CC68-433a-9A95-A17D1BC939E6":{"alphamode":0,"base_map":"png/1.png","color":{"a":1.0,"b":0.6352941393852234,"g":0.6352941393852234,"r":0.6352941393852234},"metallic":1.0,"name":"防静电砖","nor_map":null,"roughness":1.0},"9E3D1034-59DB-491a-A504-EB1AD559A333":{"alphamode":0,"base_map":null,"color":{"a":1.0,"b":1.0,"g":1.0,"r":1.0},"metallic":1.0,"name":"01-白色铝板","nor_map":null,"roughness":0.41999998688697815},"A2868439-AA6C-4033-9515-920683A5587B":{"alphamode":0,"base_map":"png/6.png","color":{"a":1.0,"b":0.8925338983535767,"g":0.8958778381347656,"r":0.8969359993934631},"metallic":1.0,"name":"天花板 - 扣板 600 x 1200mm","nor_map":null,"roughness":1.0},"A42C31C8-A2BE-4f87-9B88-4CC14F671621":{"alphamode":0,"base_map":null,"color":{"a":0.0,"b":0.9882352948188782,"g":0.9882352948188782,"r":0.9882352948188782},"metallic":1.0,"name":"白油漆","nor_map":null,"roughness":1.0},"B14D65E5-C959-4401-8DDF-6D523588F898":{"alphamode":0,"base_map":"png/8.png","color":{"a":1.0,"b":0.9854856133460999,"g":0.9856501817703247,"r":0.9856458902359009},"metallic":1.0,"name":"文字-白","nor_map":null,"roughness":0.22540000081062317},"BB3EE3FD-A667-4e21-A670-054128B4663A":{"alphamode":2,"base_map":null,"color":{"a":1.0,"b":0.8999999761581421,"g":0.8999999761581421,"r":0.8999999761581421},"metallic":1.0,"name":"空气","nor_map":null,"roughness":0.5199999809265137},"BE017A52-06FA-4db5-A975-8328F3A81AFE":{"alphamode":0,"base_map":null,"color":{"a":0.0,"b":0.5803921818733215,"g":0.6705882549285889,"r":0.8627451062202454},"metallic":1.0,"name":"地砖 - 500x500，浅褐色","nor_map":null,"roughness":1.0},"CA924257-75FA-493a-995D-B135DF58921A":{"alphamode":0,"base_map":"png/3.png","color":{"a":1.0,"b":0.501960813999176,"g":0.501960813999176,"r":0.501960813999176},"metallic":1.0,"name":"地砖 - 600 x 600","nor_map":null,"roughness":0.15000000596046448},"CC14A9F0-AFE5-4a65-9D72-A2CD24608B1E":{"alphamode":0,"base_map":null,"color":{"a":0.0,"b":0.03529411926865578,"g":0.03529411926865578,"r":0.03529411926865578},"metallic":1.0,"name":"花岗石","nor_map":null,"roughness":1.0},"D874CADD-AD40-4cd2-A85B-EA52BFD40576":{"alphamode":0,"base_map":"png/2.png","color":{"a":1.0,"b":0.501960813999176,"g":0.48627451062202454,"r":0.45098039507865906},"metallic":1.0,"name":"玻化砖","nor_map":null,"roughness":1.0},"FC9113BA-435F-41aa-9F01-08EBF46EC847":{"alphamode":0,"base_map":null,"color":{"a":0.0,"b":0.7490196228027344,"g":0.7882353067398071,"r":0.8392156958580017},"metallic":1.0,"name":"瓷，亚麻色","nor_map":null,"roughness":1.0}}