{"0367B6CD-2FC9-4903-97D2-9A62A6AA8F90":{"alphamode":0,"base_map":null,"color":{"a":1.0,"b":0.8745098114013672,"g":0.8745098114013672,"r":0.8745098114013672},"metallic":1.0,"name":"灰麻花岗岩600x600","nor_map":null,"roughness":0.45227745175361633},"21A620AB-D34D-4fba-88D6-062F3AEA735B":{"alphamode":0,"base_map":"png/1.png","color":{"a":1.0,"b":0.7333333492279053,"g":0.7333333492279053,"r":0.7333333492279053},"metallic":1.0,"name":"01-拉丝不锈钢","nor_map":null,"roughness":0.46875},"281928B2-DFAA-47ef-8A48-7681EFCDEFC5":{"alphamode":0,"base_map":null,"color":{"a":0.0,"b":0.06666667014360428,"g":0.06666667014360428,"r":0.06666667014360428},"metallic":1.0,"name":"踢脚线","nor_map":null,"roughness":1.0},"4D2BA22B-A002-47db-A733-4C7799913EC5":{"alphamode":0,"base_map":null,"color":{"a":1.0,"b":0.0,"g":0.501960813999176,"r":1.0},"metallic":1.0,"name":"小系统-排风","nor_map":null,"roughness":0.5},"537360EB-9C8C-47ec-BF2C-B9D46F5C59F9":{"alphamode":2,"base_map":null,"color":{"a":0.25,"b":0.7529411911964417,"g":0.501960813999176,"r":0.0},"metallic":1.0,"name":"Glass","nor_map":null,"roughness":1.0},"905CCEDB-E341-46b3-B106-E4192359A6CA":{"alphamode":0,"base_map":"png/0.png","color":{"a":1.0,"b":0.8745098114013672,"g":0.8745098114013672,"r":0.8745098114013672},"metallic":1.0,"name":"灰麻花岗岩","nor_map":null,"roughness":0.45227745175361633},"CC14A9F0-AFE5-4a65-9D72-A2CD24608B1E":{"alphamode":0,"base_map":null,"color":{"a":0.0,"b":0.03529411926865578,"g":0.03529411926865578,"r":0.03529411926865578},"metallic":1.0,"name":"花岗石","nor_map":null,"roughness":1.0}}