{"1B990291-82F3-4c08-BEB7-AD2E53EC7B84":{"alphamode":0,"base_map":null,"color":{"a":1.0,"b":0.5411764979362488,"g":0.572549045085907,"r":0.5647059082984924},"metallic":1.0,"name":"手部","nor_map":null,"roughness":0.5},"24F288CE-AE68-4e7a-B2A4-779400903A85":{"alphamode":0,"base_map":null,"color":{"a":1.0,"b":0.7686274647712708,"g":0.7411764860153198,"r":0.7254902124404907},"metallic":1.0,"name":"白色","nor_map":null,"roughness":0.5},"26A3B95D-AA6A-4a87-BE80-FDE966801438":{"alphamode":0,"base_map":null,"color":{"a":0.0,"b":0.0,"g":0.0,"r":0.0},"metallic":1.0,"name":"塑料","nor_map":null,"roughness":1.0},"3D2150C1-37C1-40ba-A7E0-F9F154779DDE":{"alphamode":0,"base_map":null,"color":{"a":0.0,"b":0.47058823704719543,"g":0.47058823704719543,"r":0.47058823704719543},"metallic":1.0,"name":"不锈钢","nor_map":null,"roughness":1.0},"5C44CFF4-D216-4eb1-B4E6-0ECAF25DEF67":{"alphamode":0,"base_map":null,"color":{"a":1.0,"b":0.8745098114013672,"g":0.8745098114013672,"r":0.8745098114013672},"metallic":1.0,"name":"查询机-不锈钢","nor_map":null,"roughness":0.5},"5FD67DF5-5A44-4a7e-89A2-550A5B53D97A":{"alphamode":2,"base_map":null,"color":{"a":1.0,"b":0.7686274647712708,"g":0.7411764860153198,"r":0.7254902124404907},"metallic":1.0,"name":"材质","nor_map":null,"roughness":0.5},"6023A841-3BA7-4972-973A-A5F69B1A7EFE":{"alphamode":0,"base_map":null,"color":{"a":1.0,"b":0.3149999976158142,"g":0.3149999976158142,"r":0.3149999976158142},"metallic":1.0,"name":"白色塑料","nor_map":null,"roughness":0.5},"7A44D7EB-46D4-4e48-B977-028A1C63ED35":{"alphamode":0,"base_map":null,"color":{"a":0.0,"b":0.09019608050584793,"g":0.10588235408067703,"r":0.8352941274642944},"metallic":1.0,"name":"内外涂环氧复合钢管","nor_map":null,"roughness":1.0},"9AA1DD88-79E2-40b7-94F2-8E1D40CE1655":{"alphamode":0,"base_map":"png/0.png","color":{"a":1.0,"b":0.9854856133460999,"g":0.9856501817703247,"r":0.9856458902359009},"metallic":1.0,"name":"半球摄像机主体材质","nor_map":null,"roughness":0.22540000081062317},"9CBF7343-C1B1-4700-AFDE-90A1401F5A6F":{"alphamode":0,"base_map":null,"color":{"a":0.0,"b":0.95686274766922,"g":0.95686274766922,"r":0.95686274766922},"metallic":1.0,"name":"M_安检台材质","nor_map":null,"roughness":1.0},"9E9293DD-E0E5-49a4-8CF2-8856536E9FA7":{"alphamode":0,"base_map":"png/0.png","color":{"a":0.0,"b":0.49803921580314636,"g":0.49803921580314636,"r":0.49803921580314636},"metallic":1.0,"name":"黑色","nor_map":null,"roughness":1.0},"A775AD0F-06E5-42fa-B0A8-9B0B656D0EC8":{"alphamode":2,"base_map":null,"color":{"a":0.15000000596046448,"b":0.27450981736183167,"g":0.2823529541492462,"r":0.27843138575553894},"metallic":1.0,"name":"查询机-玻璃屏幕","nor_map":null,"roughness":1.0},"B009FDCA-17AC-43a1-9810-D045EBF7003E":{"alphamode":0,"base_map":"png/1.png","color":{"a":0.0,"b":0.49803921580314636,"g":0.49803921580314636,"r":0.49803921580314636},"metallic":1.0,"name":"黑色","nor_map":null,"roughness":1.0},"BB75FE31-7CB4-4cc5-A1E6-1B01B4844102":{"alphamode":0,"base_map":null,"color":{"a":0.0,"b":0.8509804010391235,"g":0.8509804010391235,"r":0.8509804010391235},"metallic":1.0,"name":"摄像机外壳","nor_map":null,"roughness":1.0},"BD954326-DC73-4091-9B8A-0829E2EA252D":{"alphamode":2,"base_map":null,"color":{"a":0.15000000596046448,"b":0.9725490212440491,"g":0.9764705896377563,"r":0.9686274528503418},"metallic":1.0,"name":"半球摄像机玻璃罩子","nor_map":null,"roughness":1.0},"BDCAA554-4281-4b53-9BE9-646A90ED571C":{"alphamode":0,"base_map":null,"color":{"a":1.0,"b":0.49000000953674316,"g":0.5899999737739563,"r":0.4699999988079071},"metallic":1.0,"name":"橡胶","nor_map":null,"roughness":1.0},"C3B77620-21E3-43c9-B32C-0D6F2A6610EB":{"alphamode":0,"base_map":null,"color":{"a":1.0,"b":0.6274510025978088,"g":0.6274510025978088,"r":0.6274510025978088},"metallic":1.0,"name":"摄像机","nor_map":null,"roughness":0.5},"C514C7BE-939B-4ef7-823A-8CE2F8156953":{"alphamode":0,"base_map":null,"color":{"a":0.0,"b":0.9176470637321472,"g":0.9176470637321472,"r":0.9176470637321472},"metallic":1.0,"name":"查询机-贴图","nor_map":null,"roughness":1.0},"DBAFD26C-6379-476e-B130-C17FDBE10DE6":{"alphamode":0,"base_map":null,"color":{"a":1.0,"b":0.0,"g":0.0,"r":0.0},"metallic":1.0,"name":"JR","nor_map":null,"roughness":0.5},"F2A931EE-6836-474f-A058-35AB4C8A053C":{"alphamode":0,"base_map":null,"color":{"a":0.0,"b":0.8901960849761963,"g":0.8901960849761963,"r":0.8901960849761963},"metallic":1.0,"name":"摄像头主体材质","nor_map":null,"roughness":1.0}}