{"03CA3D6D-0D9D-41aa-A8F3-5A674461E586":{"alphamode":0,"base_map":"png/3.png","color":{"a":1.0,"b":0.3149999976158142,"g":0.3149999976158142,"r":0.3149999976158142},"metallic":1.0,"name":"儿童提示1","nor_map":null,"roughness":0.5},"04858C90-5B05-4c07-A413-3F37FC210E50":{"alphamode":0,"base_map":null,"color":{"a":1.0,"b":1.0,"g":1.0,"r":1.0},"metallic":1.0,"name":"白色金属","nor_map":null,"roughness":0.800000011920929},"0C429E05-DF33-4e5b-A7A8-D6BF8753F9F2":{"alphamode":0,"base_map":"png/4.png","color":{"a":1.0,"b":0.3149999976158142,"g":0.3149999976158142,"r":0.3149999976158142},"metallic":1.0,"name":"扫码区","nor_map":null,"roughness":0.5},"102CB384-3295-44cc-859E-82176511CA21":{"alphamode":0,"base_map":null,"color":{"a":0.0,"b":0.9098039269447327,"g":0.843137264251709,"r":0.03529411926865578},"metallic":1.0,"name":"吊顶塑料","nor_map":null,"roughness":1.0},"136F9C7F-4C19-4c62-8AB0-27FE0CB7D784":{"alphamode":0,"base_map":null,"color":{"a":0.0,"b":0.658823549747467,"g":0.7137255072593689,"r":0.800000011920929},"metallic":1.0,"name":"STM乘客显示屏","nor_map":null,"roughness":1.0},"15B7388F-AD86-4dec-A26B-9F2128F46199":{"alphamode":0,"base_map":null,"color":{"a":1.0,"b":0.800000011920929,"g":0.7599999904632568,"r":0.7699999809265137},"metallic":1.0,"name":"铝合金（工控机）","nor_map":null,"roughness":0.4699999988079071},"15FD2455-8079-4b1d-942B-DE4D88542C5F":{"alphamode":0,"base_map":"png/1.png","color":{"a":1.0,"b":0.6000000238418579,"g":0.6000000238418579,"r":0.6000000238418579},"metallic":1.0,"name":"金属","nor_map":null,"roughness":0.6000000238418579},"1888D08D-FF43-46ce-84ED-31DEBDEDBEE9":{"alphamode":0,"base_map":"png/1.png","color":{"a":1.0,"b":0.3149999976158142,"g":0.3149999976158142,"r":0.3149999976158142},"metallic":1.0,"name":"读卡区","nor_map":null,"roughness":0.5},"1B990291-82F3-4c08-BEB7-AD2E53EC7B84":{"alphamode":0,"base_map":null,"color":{"a":1.0,"b":0.5411764979362488,"g":0.572549045085907,"r":0.5647059082984924},"metallic":1.0,"name":"手部","nor_map":null,"roughness":0.5},"24F288CE-AE68-4e7a-B2A4-779400903A85":{"alphamode":0,"base_map":null,"color":{"a":1.0,"b":0.7686274647712708,"g":0.7411764860153198,"r":0.7254902124404907},"metallic":1.0,"name":"白色","nor_map":null,"roughness":0.5},"26A3B95D-AA6A-4a87-BE80-FDE966801438":{"alphamode":0,"base_map":null,"color":{"a":0.0,"b":0.0,"g":0.0,"r":0.0},"metallic":1.0,"name":"塑料","nor_map":null,"roughness":1.0},"2A5717D3-429D-495a-B49A-A74BABD277FE":{"alphamode":0,"base_map":null,"color":{"a":1.0,"b":0.6666666865348816,"g":0.11764705926179886,"r":0.0},"metallic":1.0,"name":"BOM乘客显示屏","nor_map":null,"roughness":0.5},"2E274536-A9F1-434b-9FEA-528912B5D62E":{"alphamode":0,"base_map":null,"color":{"a":1.0,"b":0.4000000059604645,"g":0.3843137323856354,"r":0.3529411852359772},"metallic":1.0,"name":"针","nor_map":null,"roughness":0.699999988079071},"3755D7C6-1F35-454a-96C3-EA3E763C17AF":{"alphamode":0,"base_map":"png/0.png","color":{"a":1.0,"b":0.6391897797584534,"g":0.6389654278755188,"r":0.6389564871788025},"metallic":1.0,"name":"冷板镀锌","nor_map":null,"roughness":1.0},"396CD073-C44C-42f1-97D8-7BD4D8B04C77":{"alphamode":0,"base_map":null,"color":{"a":1.0,"b":0.250980406999588,"g":0.501960813999176,"r":1.0},"metallic":1.0,"name":"橙色塑料外壳","nor_map":null,"roughness":0.6800000071525574},"3D2150C1-37C1-40ba-A7E0-F9F154779DDE":{"alphamode":0,"base_map":null,"color":{"a":0.0,"b":0.47058823704719543,"g":0.47058823704719543,"r":0.47058823704719543},"metallic":1.0,"name":"不锈钢","nor_map":null,"roughness":1.0},"3DB6F242-DDDE-47eb-B3B9-8F241749359D":{"alphamode":0,"base_map":null,"color":{"a":1.0,"b":1.0,"g":1.0,"r":1.0},"metallic":1.0,"name":"模型文字-白","nor_map":null,"roughness":0.5},"3F5EEF6E-2687-4dae-B99F-FD51522FD770":{"alphamode":0,"base_map":null,"color":{"a":0.0,"b":0.501960813999176,"g":1.0,"r":0.501960813999176},"metallic":1.0,"name":"绿色","nor_map":null,"roughness":1.0},"463C7437-BC2A-4313-AA4E-E4EAB290C9D7":{"alphamode":0,"base_map":null,"color":{"a":1.0,"b":1.0,"g":1.0,"r":0.0},"metallic":1.0,"name":"蓝色","nor_map":null,"roughness":0.5},"494ED03B-18C8-4a7f-A5BB-1CA4C634943A":{"alphamode":0,"base_map":null,"color":{"a":1.0,"b":0.7215686440467834,"g":0.7215686440467834,"r":0.7215686440467834},"metallic":1.0,"name":"闸机机箱外壳","nor_map":null,"roughness":0.5},"4DAB66DF-DE41-44dc-B74A-A3FD7D11C8C8":{"alphamode":0,"base_map":null,"color":{"a":1.0,"b":0.6899999976158142,"g":0.6399999856948853,"r":0.6399999856948853},"metallic":1.0,"name":"读卡器","nor_map":null,"roughness":0.4699999988079071},"57F0364C-991E-416b-A84E-F393BFBBC41B":{"alphamode":0,"base_map":"png/0.png","color":{"a":0.0,"b":0.47058823704719543,"g":0.47058823704719543,"r":0.47058823704719543},"metallic":1.0,"name":"黑色外壳","nor_map":null,"roughness":1.0},"59A7F3FD-E6D7-4605-8C8D-9744BCC1F39C":{"alphamode":0,"base_map":null,"color":{"a":1.0,"b":1.0,"g":0.7490196228027344,"r":0.49803921580314636},"metallic":1.0,"name":"红色塑料","nor_map":null,"roughness":0.5},"6023A841-3BA7-4972-973A-A5F69B1A7EFE":{"alphamode":0,"base_map":null,"color":{"a":1.0,"b":0.3149999976158142,"g":0.3149999976158142,"r":0.3149999976158142},"metallic":1.0,"name":"白色塑料","nor_map":null,"roughness":0.5},"6906FBF1-8D66-4a3f-AF35-6DB595EBD520":{"alphamode":0,"base_map":null,"color":{"a":1.0,"b":0.250980406999588,"g":0.501960813999176,"r":1.0},"metallic":1.0,"name":"橙色","nor_map":null,"roughness":0.5},"76946840-7E88-494c-8AEC-01B745FB8605":{"alphamode":0,"base_map":null,"color":{"a":1.0,"b":0.7529411911964417,"g":0.7529411911964417,"r":0.7529411911964417},"metallic":1.0,"name":"不锈钢（浅色）","nor_map":null,"roughness":0.4699999988079071},"7BB94E18-F472-4243-A8F9-27C7765FCA37":{"alphamode":0,"base_map":"png/2.png","color":{"a":1.0,"b":0.7692625522613525,"g":0.7777848839759827,"r":0.7798599600791931},"metallic":1.0,"name":"人造石","nor_map":null,"roughness":1.0},"865D6E7D-2CE4-428e-913F-13CEE34075DC":{"alphamode":0,"base_map":null,"color":{"a":0.0,"b":0.8666666746139526,"g":0.8352941274642944,"r":0.8039215803146362},"metallic":1.0,"name":"TVM乘客显示屏","nor_map":null,"roughness":1.0},"91FC44A0-C7FC-4a4d-A001-A9ABB7E0C44E":{"alphamode":0,"base_map":null,"color":{"a":1.0,"b":0.800000011920929,"g":0.800000011920929,"r":0.800000011920929},"metallic":1.0,"name":"塑料（透明）","nor_map":null,"roughness":0.0},"9A5A3688-E0FA-41fd-9582-5EF0CBE70B2A":{"alphamode":2,"base_map":null,"color":{"a":0.029999999329447746,"b":1.0,"g":0.9411764740943909,"r":0.9411764740943909},"metallic":1.0,"name":"钢化玻璃","nor_map":null,"roughness":1.0},"A41449CC-0006-410a-A2A0-B2396855137A":{"alphamode":2,"base_map":null,"color":{"a":0.15000000596046448,"b":0.9372549057006836,"g":0.9411764740943909,"r":0.9254902005195618},"metallic":1.0,"name":"玻璃","nor_map":null,"roughness":1.0},"A52A5023-7FEC-4611-A9F6-F81B26DB4456":{"alphamode":0,"base_map":"png/0.png","color":{"a":0.0,"b":0.49803921580314636,"g":0.49803921580314636,"r":0.49803921580314636},"metallic":1.0,"name":"黑色","nor_map":null,"roughness":1.0},"A6A0BA8F-6B86-42b5-BFEF-AF8B31FDF0D1":{"alphamode":2,"base_map":null,"color":{"a":1.0,"b":0.5411764979362488,"g":0.572549045085907,"r":0.5647059082984924},"metallic":1.0,"name":"透明","nor_map":null,"roughness":0.5},"A90F8340-EC64-4b22-9114-ED7566C31B08":{"alphamode":0,"base_map":null,"color":{"a":1.0,"b":1.0,"g":0.0,"r":1.0},"metallic":1.0,"name":"蓝色塑料","nor_map":null,"roughness":0.5},"AF6759C1-8D96-4884-A0AB-A155A623042A":{"alphamode":0,"base_map":null,"color":{"a":1.0,"b":0.250980406999588,"g":0.501960813999176,"r":1.0},"metallic":1.0,"name":"橙色文字","nor_map":null,"roughness":0.800000011920929},"B221F9EB-D9AD-4e1b-9DB2-1CC908BDA66B":{"alphamode":0,"base_map":null,"color":{"a":1.0,"b":0.0,"g":0.0,"r":1.0},"metallic":1.0,"name":"银白金属","nor_map":null,"roughness":0.5},"B252D466-8D66-458f-9429-1512AB53B180":{"alphamode":0,"base_map":null,"color":{"a":1.0,"b":0.0,"g":0.5411764979362488,"r":0.0},"metallic":1.0,"name":"屏幕","nor_map":null,"roughness":0.5},"B3849B5B-8F3B-44c8-94ED-95B9367588BB":{"alphamode":0,"base_map":null,"color":{"a":1.0,"b":0.16862745583057404,"g":0.5254902243614197,