{"0622F157-6929-49b3-9878-562214DAFFF8":{"alphamode":0,"base_map":null,"color":{"a":0.0,"b":0.929411768913269,"g":0.8196078538894653,"r":0.729411780834198},"metallic":1.0,"name":"冷水机组材质","nor_map":null,"roughness":1.0},"1309105C-460D-437c-9013-3508FC94B402":{"alphamode":0,"base_map":"png/2.png","color":{"a":1.0,"b":0.6391897797584534,"g":0.6389654278755188,"r":0.6389564871788025},"metallic":1.0,"name":"钢，镀锌","nor_map":null,"roughness":1.0},"14CE56E7-CA61-4306-ABDD-193443AB2A48":{"alphamode":0,"base_map":null,"color":{"a":0.0,"b":0.0,"g":0.0,"r":1.0},"metallic":1.0,"name":"渲染材质 255-255-255(1)","nor_map":null,"roughness":1.0},"2B9DF2EC-81C0-462b-8BFB-D6D48C9D4F46":{"alphamode":0,"base_map":null,"color":{"a":0.0,"b":0.501960813999176,"g":1.0,"r":1.0},"metallic":1.0,"name":"小系统-排烟","nor_map":null,"roughness":1.0},"2DF22B25-2021-4d12-A6F7-EDB279C64F1B":{"alphamode":0,"base_map":null,"color":{"a":0.0,"b":0.8980392217636108,"g":0.9176470637321472,"r":0.95686274766922},"metallic":1.0,"name":"阀柄","nor_map":null,"roughness":1.0},"2EB34EF4-6E5F-47c3-9E7E-2527992AC1B1":{"alphamode":0,"base_map":null,"color":{"a":1.0,"b":0.23529411852359772,"g":0.529411792755127,"r":0.0},"metallic":1.0,"name":"标志红","nor_map":null,"roughness":0.3499999940395355},"2F96804F-7819-4c8b-A85D-51FBEDB56FAC":{"alphamode":0,"base_map":null,"color":{"a":0.0,"b":0.95686274766922,"g":0.95686274766922,"r":0.95686274766922},"metallic":1.0,"name":"M_安检台材质","nor_map":null,"roughness":1.0},"407E1CDD-F17F-4dd6-A0AE-8DF5B3EF8796":{"alphamode":0,"base_map":null,"color":{"a":1.0,"b":0.3137255012989044,"g":1.0,"r":0.0},"metallic":1.0,"name":"小系统-补风","nor_map":null,"roughness":0.5},"40E96BFC-5A31-43f5-9061-FC5AEF9F2548":{"alphamode":0,"base_map":null,"color":{"a":0.0,"b":0.1725490242242813,"g":0.1725490242242813,"r":0.1725490242242813},"metallic":1.0,"name":"64_64_64","nor_map":null,"roughness":1.0},"46F27FC6-40F5-482a-9DCE-661608CEB2BA":{"alphamode":0,"base_map":null,"color":{"a":0.0,"b":1.0,"g":1.0,"r":0.501960813999176},"metallic":1.0,"name":"主体","nor_map":null,"roughness":1.0},"4D2BA22B-A002-47db-A733-4C7799913EC5":{"alphamode":0,"base_map":null,"color":{"a":1.0,"b":0.0,"g":0.501960813999176,"r":1.0},"metallic":1.0,"name":"小系统-排风","nor_map":null,"roughness":0.5},"5D836522-9D6E-45ae-B788-EC0BE02E18B0":{"alphamode":0,"base_map":null,"color":{"a":0.0,"b":0.7254902124404907,"g":0.7333333492279053,"r":0.7411764860153198},"metallic":1.0,"name":"SUS304","nor_map":null,"roughness":1.0},"6041A856-7A74-4b4b-B4C7-DA9B2DF23E73":{"alphamode":0,"base_map":null,"color":{"a":1.0,"b":0.0,"g":0.5411764979362488,"r":0.0},"metallic":1.0,"name":"屏幕","nor_map":null,"roughness":0.5},"6A165B51-B27C-438a-91FE-367AA580DD90":{"alphamode":0,"base_map":"png/3.png","color":{"a":1.0,"b":0.6391897797584534,"g":0.6389654278755188,"r":0.6389564871788025},"metallic":1.0,"name":"钢，镀锌，银色","nor_map":null,"roughness":1.0},"6C450246-1A23-45a2-B8CE-5D646FF415B2":{"alphamode":0,"base_map":"png/4.png","color":{"a":0.0,"b":0.47058823704719543,"g":0.47058823704719543,"r":0.47058823704719543},"metallic":1.0,"name":"黑色","nor_map":null,"roughness":1.0},"7B4A3825-755B-4b41-A30E-8971463340BD":{"alphamode":0,"base_map":null,"color":{"a":1.0,"b":0.0,"g":1.0,"r":0.0},"metallic":1.0,"name":"绿色","nor_map":null,"roughness":0.699999988079071},"830944CD-5F99-4c78-8AF8-B64192407DA6":{"alphamode":0,"base_map":null,"color":{"a":0.0,"b":0.49803921580314636,"g":0.49803921580314636,"r":0.49803921580314636},"metallic":1.0,"name":"MaterialNode_8355711_0","nor_map":null,"roughness":1.0},"849CA7A4-E88B-4eaf-881A-A61556CAA3E2":{"alphamode":0,"base_map":null,"color":{"a":0.0,"b":0.5176470875740051,"g":0.27843138575553894,"r":0.11764705926179886},"metallic":1.0,"name":"机组材质","nor_map":null,"roughness":1.0},"880C364B-E21D-438a-8165-D443D227A0D0":{"alphamode":0,"base_map":null,"color":{"a":0.0,"b":0.47058823704719543,"g":0.47058823704719543,"r":0.47058823704719543},"metallic":1.0,"name":"不锈钢","nor_map":null,"roughness":1.0},"8CDEF1C2-0D6C-4c51-A412-A2629CCBEE00":{"alphamode":0,"base_map":null,"color":{"a":1.0,"b":1.0,"g":0.0,"r":0.0},"metallic":1.0,"name":"材质1","nor_map":null,"roughness":0.800000011920929},"8F356EA1-75E0-4340-982B-87938A1AC295":{"alphamode":0,"base_map":null,"color":{"a":1.0,"b":0.6431372761726379,"g":0.6431372761726379,"r":0.6431372761726379},"metallic":1.0,"name":"黑色玻璃","nor_map":null,"roughness":0.17000000178813934},"8F838B7D-35A3-4bc4-8930-F3B9924F2BC8":{"alphamode":0,"base_map":null,"color":{"a":0.0,"b":1.0,"g":0.0,"r":1.0},"metallic":1.0,"name":"大系统-回风","nor_map":null,"roughness":1.0},"901742E1-AABB-40dd-83F5-C6A2EE7A4ADA":{"alphamode":0,"base_map":null,"color":{"a":0.0,"b":0.0,"g":0.0,"r":0.0},"metallic":1.0,"name":"塑料","nor_map":null,"roughness":1.0},"91CBDEBE-43A3-474a-A27B-96E9C9CA0B73":{"alphamode":0,"base_map":null,"color":{"a":1.0,"b":0.6666666865348816,"g":0.11764705926179886,"r":0.0},"metallic":1.0,"name":"BOM乘客显示屏","nor_map":null,"roughness":0.5},"9791DC11-435B-47b2-85C9-5A5FD15ADC4C":{"alphamode":0,"base_map":"png/0.png","color":{"a":1.0,"b":0.6000000238418579,"g":0.6000000238418579,"r":0.6000000238418579},"metallic":1.0,"name":"底座","nor_map":null,"roughness":0.6000000238418579},"A20DDFDF-458D-4ff3-9AE0-6B3A78D50FC4":{"alphamode":0,"base_map":null,"color":{"a":1.0,"b":0.5058823823928833,"g":0.5058823823928833,"r":0.7529411911964417},"metallic":1.0,"name":"螺母","nor_map":null,"roughness":0.7699999809265137},"A424A4CE-91CD-47e6-B556-D10FBAB8D70E":{"alphamode":0,"base_map":null,"color":{"a":1.0,"b":0.9649999737739563,"g":0.9959999918937683,"r":1.0},"metallic":1.0,"name":"分水器","nor_map":null,"roughness":0.5},"A7ACEEEB-F24B-4a1d-A077-F94738F89DB3":{"alphamode":0,"base_map":null,"color":{"a":0.0,"b":0.7137255072593689,"g":0.8823529481887817,"r":0.9686274528503418},"metallic":1.0,"name":"冷水机组","nor_map":null,"roughness":1.0},"AA87FCBD-7AA2-446e-A1AE-14B1790E596E":{"alphamode":0,"base_map":null,"color":{"a":1.0,"b":0.6980392336845398,"g":0.6980392336845398,"r":0.6980392336845398},"metallic":1.0,"name":"散热片","nor_map":null,"roughness":0.5},"B2D0F986-F1A3-46f5-A992-187DB2487824":{"alphamode":0,"base_map":null,"color":{"a":1.0,"b":1.0,"g":0.3333333432674408,"r":1.0},"metallic":1.0,"name":"材质2","nor_map":null,"roughness":0.800000011920929},"B51E5904-11CB-46a2-B1DE-40A2063A009D":{"alphamode":0,"base_map":"png/1.png","color":{"a":1.0,"b":0.2862745225429535,"g":0.3294117748737335,"r":0.33725491166114807},"metallic":1.0,"name":"基础","nor_map":null,"roughness":0.6000000238418579},"BC31612A-8268-47a7-8940-CA76C093147E":{"alphamode":0,"base_map":null,"color":{"a":1.0,"b":0.6000000238418579,"g":0.6000000238418579,"r":0.0},"metallic":1.0,"name":"冷冻水回水系统","nor_map":null,"roughness":0.5},"BEE063F4-B758-4d77-A5F3-DEE49CC89563":{"alphamode":0,"base_map":null,"color":{"a":1.0,"b":0.3149999976158142,"g":0.3149999976158142,"r":0.3149999976158142},"metallic":1.0,"name":"白色塑料","nor_map":null,"roughness":0.5},"C8FFC976-C4CB-4eb1-ACFE-DBBD142E903D":{"alphamode":0,"base_map":null,"color":{"a":1.0,"b":0.0,"g":0.0,"r":1.0},"metallic":1.0,"name":"银白金属","nor_map":null,"roughness":0.5},"E8FAEEA1-7F07-4bb1-A1EB-329F739E4330":{"alphamode":0,"base_map":null,"color":{"a":0.0,"b":0.12941177189350128,"g":0.6392157077789307,"r":0.8470588326454163},"metallic":1.0,"name":"电子膨胀阀材质","nor_map":null,"roughness":1.0},"E949EA85-B5E4-424c-B735-2DE56D167BE9":{"alphamode":0,"base_map":null,"color":{"a":1.0,"b":0.25,"g":0.25,"r":0.25},"metallic":1.0,"name":"橡胶，黑色","nor_map":null,"roughness":0.75},"F07DAA69-A2C4-4c2b-BCD1-672395D5EBDC":{"alphamode":0,"base_map":null,"color":{"a":1.0,"b":0.8999999761581421,"g":0.8999999761581421,"r":0.8980392217636108},"metallic":1.0,"name":"商标底材质","nor_map":null,"roughness":0.800000011920929}}