{"01B1DFC4-1CB1-4632-98AF-2F8EABABBB3C":{"alphamode":0,"base_map":"png/5.png","color":{"a":0.0,"b":0.49803921580314636,"g":0.49803921580314636,"r":0.49803921580314636},"metallic":1.0,"name":"黑色","nor_map":null,"roughness":1.0},"03111C89-E209-430c-A343-4D9C54C5CD1A":{"alphamode":0,"base_map":"png/16.png","color":{"a":1.0,"b":1.0,"g":1.0,"r":1.0},"metallic":1.0,"name":"读卡区","nor_map":null,"roughness":0.5},"052DCB50-02E7-44bc-961E-3C2AE8D9BF87":{"alphamode":0,"base_map":"png/19.png","color":{"a":1.0,"b":1.0,"g":1.0,"r":1.0},"metallic":1.0,"name":"儿童提示1","nor_map":null,"roughness":0.5},"0BBA6709-1185-4e75-BDB6-44B5F2D23613":{"alphamode":0,"base_map":"png/24.png","color":{"a":1.0,"b":1.0,"g":1.0,"r":1.0},"metallic":1.0,"name":"BOM操作显示屏","nor_map":null,"roughness":0.5},"109C8E95-90A4-4f5c-A7B1-E07864E2D22C":{"alphamode":0,"base_map":"png/42.png","color":{"a":0.0,"b":0.47058823704719543,"g":0.47058823704719543,"r":0.47058823704719543},"metallic":1.0,"name":"黑色外壳","nor_map":null,"roughness":1.0},"13B7A8FC-A1DB-40e4-979E-421E6C830493":{"alphamode":0,"base_map":null,"color":{"a":1.0,"b":1.0,"g":0.0,"r":1.0},"metallic":1.0,"name":"蓝色塑料","nor_map":null,"roughness":0.5},"13CBD805-6D6C-4526-A2D5-FAAD509C5F9F":{"alphamode":0,"base_map":null,"color":{"a":1.0,"b":0.5333333611488342,"g":0.5333333611488342,"r":0.5333333611488342},"metallic":1.0,"name":"黄","nor_map":null,"roughness":0.5},"1767B959-5E2C-4155-9B12-C2B44DA27627":{"alphamode":0,"base_map":"png/1.png","color":{"a":0.0,"b":0.49803921580314636,"g":0.49803921580314636,"r":0.49803921580314636},"metallic":1.0,"name":"黑色","nor_map":null,"roughness":1.0},"19D155E8-0211-446e-B9B5-51966093CC97":{"alphamode":0,"base_map":"png/11.png","color":{"a":1.0,"b":0.7529411911964417,"g":0.7529411911964417,"r":0.7529411911964417},"metallic":1.0,"name":"扫码区","nor_map":null,"roughness":0.5},"22185138-C0D0-4ddb-AED2-91AE7E4561BC":{"alphamode":0,"base_map":"png/32.png","color":{"a":1.0,"b":1.0,"g":1.0,"r":1.0},"metallic":1.0,"name":"AGM乘客显示屏","nor_map":null,"roughness":0.5},"249C7994-74ED-4970-89DD-8D1E11669F31":{"alphamode":0,"base_map":null,"color":{"a":1.0,"b":0.8588235378265381,"g":0.8745098114013672,"r":0.8784313797950745},"metallic":1.0,"name":"天蓝色金属外壳","nor_map":null,"roughness":0.800000011920929},"25540BE6-AA02-406c-AB02-F7D527562F16":{"alphamode":0,"base_map":"png/27.png","color":{"a":1.0,"b":0.6391897797584534,"g":0.6389654278755188,"r":0.6389564871788025},"metallic":1.0,"name":"冷板镀锌","nor_map":null,"roughness":1.0},"2595AB43-F7DA-4d04-BC01-038F272EC303":{"alphamode":0,"base_map":null,"color":{"a":1.0,"b":1.0,"g":1.0,"r":1.0},"metallic":1.0,"name":"白色金属","nor_map":null,"roughness":0.800000011920929},"25DC2933-66AC-4878-8FBE-33C56E0E9534":{"alphamode":0,"base_map":null,"color":{"a":0.0,"b":0.0,"g":0.0,"r":0.0},"metallic":1.0,"name":"塑料","nor_map":null,"roughness":1.0},"2622E477-6D52-42fe-906A-63C7D3397B50":{"alphamode":0,"base_map":null,"color":{"a":1.0,"b":0.250980406999588,"g":0.501960813999176,"r":1.0},"metallic":1.0,"name":"橙色塑料外壳","nor_map":null,"roughness":0.6800000071525574},"29490309-B58F-48ef-A218-4CBF2B1B0029":{"alphamode":0,"base_map":null,"color":{"a":1.0,"b":0.22745098173618317,"g":0.22745098173618317,"r":0.22745098173618317},"metallic":1.0,"name":"黑色塑料","nor_map":null,"roughness":0.5},"2ABCE7B5-14F3-4924-ABC8-06DD0846C0C6":{"alphamode":0,"base_map":null,"color":{"a":1.0,"b":1.0,"g":1.0,"r":1.0},"metallic":1.0,"name":"模型文字-白","nor_map":null,"roughness":0.5},"2B47F06A-90CB-4276-9A79-2C7A4123C34E":{"alphamode":0,"base_map":"png/39.png","color":{"a":1.0,"b":1.0,"g":1.0,"r":1.0},"metallic":1.0,"name":"读卡区","nor_map":null,"roughness":0.5},"2E60B42C-55CA-41b7-B6BF-5EBBEA561B3A":{"alphamode":2,"base_map":null,"color":{"a":0.15000000596046448,"b":0.9372549057006836,"g":0.9411764740943909,"r":0.9254902005195618},"metallic":1.0,"name":"玻璃","nor_map":null,"roughness":1.0},"30C66F08-68FB-48ce-9FBD-0DC3374FA296":{"alphamode":0,"base_map":"png/0.png","color":{"a":0.0,"b":0.49803921580314636,"g":0.49803921580314636,"r":0.49803921580314636},"metallic":1.0,"name":"黑色","nor_map":null,"roughness":1.0},"37D80386-3098-4ebc-93BE-8A04C619EFC4":{"alphamode":0,"base_map":null,"color":{"a":1.0,"b":0.16862745583057404,"g":0.5254902243614197,"r":0.9372549057006836},"metallic":1.0,"name":"门","nor_map":null,"roughness":0.5},"43406E4F-695C-44bf-A082-CBB1FDBB92A7":{"alphamode":0,"base_map":null,"color":{"a":1.0,"b":0.7215686440467834,"g":0.7215686440467834,"r":0.7215686440467834},"metallic":1.0,"name":"闸机机箱外壳","nor_map":null,"roughness":0.5},"4B179A0C-3E6F-4762-8114-B690391E1E93":{"alphamode":0,"base_map":null,"color":{"a":0.0,"b":0.501960813999176,"g":1.0,"r":0.501960813999176},"metallic":1.0,"name":"绿色","nor_map":null,"roughness":1.0},"4D604E26-EE7F-491d-AFC9-B4B2E10AB600":{"alphamode":0,"base_map":null,"color":{"a":1.0,"b":0.0470588244497776,"g":0.5215686559677124,"r":0.8392156958580017},"metallic":1.0,"name":"不锈钢（前下门）","nor_map":null,"roughness":0.800000011920929},"533CCFA1-8527-4ed9-9BD6-F1B76D582860":{"alphamode":0,"base_map":"png/34.png","color":{"a":0.0,"b":0.49803921580314636,"g":0.49803921580314636,"r":0.49803921580314636},"metallic":1.0,"name":"黑色","nor_map":null,"roughness":1.0},"53DEB59A-35FF-409e-9E29-C95A9F3114AD":{"alphamode":2,"base_map":null,"color":{"a":1.0,"b":0.3149999976158142,"g":0.3149999976158142,"r":0.3149999976158142},"metallic":1.0,"name":"二维码模块","nor_map":null,"roughness":0.5},"53E92231-913D-4afc-8CD4-D8ACB8DF0BF2":{"alphamode":0,"base_map":null,"color":{"a":1.0,"b":0.7529411911964417,"g":0.7529411911964417,"r":0.7529411911964417},"metallic":1.0,"name":"不锈钢（浅色）","nor_map":null,"roughness":0.4699999988079071},"57D490A1-8F15-40c0-82F4-9FA3537C8EAE":{"alphamode":0,"base_map":"png/35.png","color":{"a":1.0,"b":1.0,"g":1.0,"r":1.0},"metallic":1.0,"name":"读卡区","nor_map":null,"roughness":0.5},"59A43084-A48D-4a81-AE3A-EAEEBC867484":{"alphamode":0,"base_map":"png/9.png","color":{"a":0.0,"b":0.49803921580314636,"g":0.49803921580314636,"r":0.49803921580314636},"metallic":1.0,"name":"黑色","nor_map":null,"roughness":1.0},"5E7153BB-5CF7-4d37-90A5-3FB613DDDA81":{"alphamode":0,"base_map":null,"color":{"a":1.0,"b":0.5411764979362488,"g":0.572549045085907,"r":0.5647059082984924},"metallic":1.0,"name":"手部","nor_map":null,"roughness":0.5},"5F117421-5BAD-444f-8F08-9B0F5D6EF7BC":{"alphamode":2,"base_map":null,"color":{"a":1.0,"b":0.5411764979362488,"g":0.572549045085907,"r":0.5647059082984924},"metallic":1.0,"name":"透明","nor_map":null,"roughness":0.5},"631AC0B8-2AFE-4d37-87FE-9F9C0618B3BA":{"alphamode":0,"base_map":"png/20.png","color":{"a":0.0,"b":0.49803921580314636,"g":0.49803921580314636,"r":0.49803921580314636},"metallic":1.0,"name":"黑色","nor_map":null,"roughness":1.0},"63ABADC7-FA9C-4cbb-835F-3356B6A87180":{"alphamode":0,"base_map":"png/31.png","color":{"a":1.0,"b":1.0,"g":1.0,"r":1.0},"metallic":1.0,"name":"红色标识","nor_map":null,"roughness":0.5},"684F6C66-719E-41f0-9FDD-A3A8BA9D02D1":{"alphamode":0,"base_map":"png/21.png","color":{"a":1.0,"b":0.6000000238418579,"g":0.6000000238418579,"r":0.6000000238418579},"metallic":1.0,"name":"金属","nor_map":null,"roughness":0.6000000238418579},"6A016E7D-1DDE-4e78-96AC-3C7B0EDA9A2E":{"alphamode":0,"base_map":null,"color":{"a":1.0,"b":0.4000000059604645,"g":0.3843137323856354,"r":0.3529411852359772},"metallic":1.0,"name":"针","nor_map":null,"roughness":0.699999988079071},"6BFD3A69-186B-46ba-B6E3-76A44611AB95":{"alphamode":0,"base_map":"png/28.png","color":{"a":1.0,"b":1.0,"g":1.0,"r":1.0},"metallic":1.0,"name":"STM乘客显示屏","nor_map":null,"roughness":0.5},"6C456520-246B-44a3-A8CA-18537A8F64B4":{"alphamode":0,"base_map":null,"color":{"a":1.0,"b":0.800000011920929,"g":0.800000011920929,"r":0.800000011920929},"metallic":1.0,"name":"塑料（透明）","nor_map":null,"roughness":0.0},"6D6FD771-48EB-45c6-8510-963E614FA23F":{"alphamode":0,"base_map":null,"color":{"a":1.0,"b":0.7529411911964417,"g":0.7529411911964417,"r":0.7529411911964417},"metallic":1.0,"name":"透明塑料","nor_map":null,"roughness":0.5},