{"31572E73-1BFE-4c4d-91D5-7B0914A150C6":{"alphamode":0,"base_map":null,"color":{"a":1.0,"b":0.1882352977991104,"g":0.1882352977991104,"r":0.1882352977991104},"metallic":1.0,"name":"摄像机镜头","nor_map":null,"roughness":0.5},"BEE063F4-B758-4d77-A5F3-DEE49CC89563":{"alphamode":0,"base_map":null,"color":{"a":1.0,"b":0.3149999976158142,"g":0.3149999976158142,"r":0.3149999976158142},"metallic":1.0,"name":"白色塑料","nor_map":null,"roughness":0.5},"C906B515-6853-42db-AEFA-C90DF402C9CB":{"alphamode":0,"base_map":null,"color":{"a":1.0,"b":0.5411764979362488,"g":0.572549045085907,"r":0.5647059082984924},"metallic":1.0,"name":"手部","nor_map":null,"roughness":0.5},"DD960738-6848-42e0-9BF0-92C703E5D267":{"alphamode":0,"base_map":null,"color":{"a":1.0,"b":0.6274510025978088,"g":0.6274510025978088,"r":0.6274510025978088},"metallic":1.0,"name":"摄像机","nor_map":null,"roughness":0.5},"F04D00AD-5389-471c-9BC7-4FBBB6BE89B2":{"alphamode":0,"base_map":null,"color":{"a":0.0,"b":0.8509804010391235,"g":0.8509804010391235,"r":0.8509804010391235},"metallic":1.0,"name":"摄像机外壳","nor_map":null,"roughness":1.0}}