{"26A3B95D-AA6A-4a87-BE80-FDE966801438":{"alphamode":0,"base_map":null,"color":{"a":0.0,"b":0.0,"g":0.0,"r":0.0},"metallic":1.0,"name":"塑料","nor_map":null,"roughness":1.0},"2CF800C8-CDD5-436c-9BF5-D7F8DDE0315B":{"alphamode":0,"base_map":null,"color":{"a":0.0,"b":0.9411764740943909,"g":0.9843137264251709,"r":1.0},"metallic":1.0,"name":"支架-乳白色","nor_map":null,"roughness":1.0},"349A900C-E81E-4fec-94CD-B83402837654":{"alphamode":0,"base_map":null,"color":{"a":0.0,"b":0.2235294133424759,"g":0.2235294133424759,"r":0.2235294133424759},"metallic":1.0,"name":"设备材质","nor_map":null,"roughness":1.0},"36EBFD96-7696-4fb1-AFBD-541E7FC77762":{"alphamode":0,"base_map":null,"color":{"a":0.0,"b":0.37254902720451355,"g":0.5686274766921997,"r":0.5960784554481506},"metallic":1.0,"name":"Ottone","nor_map":null,"roughness":1.0},"3C81F5F1-1233-4c97-9093-6FE86A86ACD1":{"alphamode":0,"base_map":null,"color":{"a":1.0,"b":0.0,"g":0.0,"r":0.5333333611488342},"metallic":1.0,"name":"报警指示","nor_map":null,"roughness":0.5},"3D2150C1-37C1-40ba-A7E0-F9F154779DDE":{"alphamode":0,"base_map":null,"color":{"a":0.0,"b":0.47058823704719543,"g":0.47058823704719543,"r":0.47058823704719543},"metallic":1.0,"name":"不锈钢","nor_map":null,"roughness":1.0},"3DB6F242-DDDE-47eb-B3B9-8F241749359D":{"alphamode":0,"base_map":null,"color":{"a":1.0,"b":1.0,"g":1.0,"r":1.0},"metallic":1.0,"name":"模型文字-白","nor_map":null,"roughness":0.5},"6023A841-3BA7-4972-973A-A5F69B1A7EFE":{"alphamode":0,"base_map":null,"color":{"a":1.0,"b":0.3149999976158142,"g":0.3149999976158142,"r":0.3149999976158142},"metallic":1.0,"name":"白色塑料","nor_map":null,"roughness":0.5},"72414F0C-7C45-440d-972F-7D751CDBBFAA":{"alphamode":0,"base_map":null,"color":{"a":0.0,"b":0.43529412150382996,"g":0.6784313917160034,"r":0.7490196228027344},"metallic":1.0,"name":"黄铜本色","nor_map":null,"roughness":1.0},"7B34262D-5161-4341-803D-133FB23C0734":{"alphamode":0,"base_map":null,"color":{"a":1.0,"b":0.25882354378700256,"g":0.25882354378700256,"r":0.25882354378700256},"metallic":1.0,"name":"主界面1","nor_map":null,"roughness":0.5},"83C40211-B642-4d37-B416-8D5FD920AED0":{"alphamode":0,"base_map":null,"color":{"a":1.0,"b":0.9411764740943909,"g":0.9843137264251709,"r":1.0},"metallic":1.0,"name":"显示屏","nor_map":null,"roughness":0.5},"84F9762E-8AA2-40ea-9E0E-0D344C93E4B6":{"alphamode":0,"base_map":null,"color":{"a":0.0,"b":0.7529411911964417,"g":0.7529411911964417,"r":0.7529411911964417},"metallic":1.0,"name":"银白色安装体","nor_map":null,"roughness":1.0},"9CBF7343-C1B1-4700-AFDE-90A1401F5A6F":{"alphamode":0,"base_map":null,"color":{"a":0.0,"b":0.95686274766922,"g":0.95686274766922,"r":0.95686274766922},"metallic":1.0,"name":"M_安检台材质","nor_map":null,"roughness":1.0},"B221F9EB-D9AD-4e1b-9DB2-1CC908BDA66B":{"alphamode":0,"base_map":null,"color":{"a":1.0,"b":0.0,"g":0.0,"r":1.0},"metallic":1.0,"name":"银白金属","nor_map":null,"roughness":0.5},"B370A1C7-AADD-4b49-807F-C4A8AF57FB1E":{"alphamode":0,"base_map":null,"color":{"a":0.0,"b":0.8313725590705872,"g":0.8313725590705872,"r":0.8313725590705872},"metallic":1.0,"name":"设备主体","nor_map":null,"roughness":1.0},"BF397515-239A-4240-A9CA-785D248ED52E":{"alphamode":0,"base_map":"png/0.png","color":{"a":0.0,"b":0.18431372940540314,"g":0.18431372940540314,"r":0.18431372940540314},"metallic":1.0,"name":"grey31","nor_map":null,"roughness":1.0},"C1EC9D91-992F-4b24-87B7-C521E783BDDD":{"alphamode":2,"base_map":null,"color":{"a":1.0,"b":0.3149999976158142,"g":0.3149999976158142,"r":0.3149999976158142},"metallic":1.0,"name":"二维码模块","nor_map":null,"roughness":0.5},"CC7FAA88-3DC1-4a06-8AB0-7736B9F4DC48":{"alphamode":0,"base_map":null,"color":{"a":0.0,"b":0.3019607961177826,"g":0.14901961386203766,"r":0.0},"metallic":1.0,"name":"Acciaio","nor_map":null,"roughness":1.0},"D4312596-1EE1-4b6d-805A-3C682B1BC90D":{"alphamode":2,"base_map":null,"color":{"a":0.25,"b":1.0,"g":0.0,"r":0.0},"metallic":1.0,"name":"玻璃","nor_map":null,"roughness":1.0},"D5E4B4AE-8316-4d40-B3A3-F6042B15B348":{"alphamode":0,"base_map":null,"color":{"a":0.0,"b":0.5215686559677124,"g":0.5568627715110779,"r":0.5843137502670288},"metallic":1.0,"name":"外观材质","nor_map":null,"roughness":1.0},"D674883D-B6FE-40c2-96CD-798AB8AB3CCB":{"alphamode":0,"base_map":null,"color":{"a":1.0,"b":0.7529411911964417,"g":0.7529411911964417,"r":0.7529411911964417},"metallic":1.0,"name":"透明塑料","nor_map":null,"roughness":0.5},"D7A16260-961E-4941-8A71-55A042B4127D":{"alphamode":0,"base_map":null,"color":{"a":0.0,"b":1.0,"g":0.9490196108818054,"r":0.9490196108818054},"metallic":1.0,"name":"铝本色","nor_map":null,"roughness":1.0},"DAD8A5C6-C197-4356-98BC-A1DCDC533890":{"alphamode":0,"base_map":null,"color":{"a":0.0,"b":0.20000000298023224,"g":0.20000000298023224,"r":0.20000000298023224},"metallic":1.0,"name":"电源","nor_map":null,"roughness":1.0},"DBAFD26C-6379-476e-B130-C17FDBE10DE6":{"alphamode":0,"base_map":null,"color":{"a":1.0,"b":0.0,"g":0.0,"r":0.0},"metallic":1.0,"name":"JR","nor_map":null,"roughness":0.5},"DDEB2DE5-7412-4065-96D8-8375C2F711E7":{"alphamode":0,"base_map":null,"color":{"a":0.0,"b":0.0,"g":0.0,"r":1.0},"metallic":1.0,"name":"贴膜-红色","nor_map":null,"roughness":1.0},"E38FD072-62F7-4bbe-A62C-67EC4A3D1129":{"alphamode":0,"base_map":null,"color":{"a":0.0,"b":0.49803921580314636,"g":0.49803921580314636,"r":0.49803921580314636},"metallic":1.0,"name":"MaterialNode_8355711_0","nor_map":null,"roughness":1.0},"E5E6E0C8-0463-4854-849B-D97F2C3830FF":{"alphamode":0,"base_map":null,"color":{"a":1.0,"b":0.0,"g":0.0,"r":1.0},"metallic":1.0,"name":"塑料-红色","nor_map":null,"roughness":0.699999988079071},"E6696285-6AF6-4407-9EC6-6B3DEFC880DE":{"alphamode":0,"base_map":null,"color":{"a":0.0,"b":0.20392157137393951,"g":0.23137255012989044,"r":0.239215686917305},"metallic":1.0,"name":"主体材质","nor_map":null,"roughness":1.0},"EA4A929D-DC57-4887-9763-CADC090B266D":{"alphamode":2,"base_map":null,"color":{"a":0.75,"b":0.0,"g":0.0,"r":0.7411764860153198},"metallic":1.0,"name":"红色材质","nor_map":null,"roughness":1.0},"F9A00D19-0603-4053-8A76-4B62465ED8DC":{"alphamode":0,"base_map":null,"color":{"a":0.0,"b":0.32549020648002625,"g":0.05098039284348488,"r":0.05098039284348488},"metallic":1.0,"name":"深蓝","nor_map":null,"roughness":1.0}}